movieId,title,genres,year,genre_Action,genre_Adventure,genre_Animation,genre_Children,genre_Comedy,genre_Crime,genre_Documentary,genre_Drama,genre_Fantasy,genre_Film-Noir,genre_Horror,genre_Musical,genre_Mystery,genre_Romance,genre_Sci-Fi,genre_Thriller,genre_War,genre_Western
1,Movie_1 (2018),Horror|Children,2018,0,0,0,1,0,0,0,0,0,0,1,0,0,0,0,0,0,0
2,Movie_2 (2017),Children|War,2017,0,0,0,1,0,0,0,0,0,0,0,0,0,0,0,0,1,0
3,Movie_3 (1991),Western|Horror|Fantasy,1991,0,0,0,0,0,0,0,0,1,0,1,0,0,0,0,0,0,1
4,Movie_4 (1985),Musical,1985,0,0,0,0,0,0,0,0,0,0,0,1,0,0,0,0,0,0
5,Movie_5 (1984),Mystery|Children|Western,1984,0,0,0,1,0,0,0,0,0,0,0,0,1,0,0,0,0,1
6,Movie_6 (1989),Western,1989,0,0,0,0,0,0,0,0,0,0,0,0,0,0,0,0,0,1
7,Movie_7 (2006),Comedy|Mystery|Children,2006,0,0,0,1,1,0,0,0,0,0,0,0,1,0,0,0,0,0
8,Movie_8 (2002),Horror|Mystery|Documentary,2002,0,0,0,0,0,0,1,0,0,0,1,0,1,0,0,0,0,0
9,Movie_9 (2008),Drama|Romance,2008,0,0,0,0,0,0,0,1,0,0,0,0,0,1,0,0,0,0
10,Movie_10 (2005),Mystery,2005,0,0,0,0,0,0,0,0,0,0,0,0,1,0,0,0,0,0
11,Movie_11 (1985),Musical,1985,0,0,0,0,0,0,0,0,0,0,0,1,0,0,0,0,0,0
12,Movie_12 (1993),Adventure|Animation|Mystery,1993,0,1,1,0,0,0,0,0,0,0,0,0,1,0,0,0,0,0
13,Movie_13 (2010),Crime|Film-Noir,2010,0,0,0,0,0,1,0,0,0,1,0,0,0,0,0,0,0,0
14,Movie_14 (2005),Sci-Fi,2005,0,0,0,0,0,0,0,0,0,0,0,0,0,0,1,0,0,0
15,Movie_15 (1980),Comedy|War|Animation,1980,0,0,1,0,1,0,0,0,0,0,0,0,0,0,0,0,1,0
16,Movie_16 (1991),Thriller,1991,0,0,0,0,0,0,0,0,0,0,0,0,0,0,0,1,0,0
17,Movie_17 (1994),Western|Fantasy,1994,0,0,0,0,0,0,0,0,1,0,0,0,0,0,0,0,0,1
18,Movie_18 (1989),Children|Animation,1989,0,0,1,1,0,0,0,0,0,0,0,0,0,0,0,0,0,0
19,Movie_19 (2018),Western|War|Adventure,2018,0,1,0,0,0,0,0,0,0,0,0,0,0,0,0,0,1,1
20,Movie_20 (2003),Children|Horror|Fantasy,2003,0,0,0,1,0,0,0,0,1,0,1,0,0,0,0,0,0,0
21,Movie_21 (1988),Musical,1988,0,0,0,0,0,0,0,0,0,0,0,1,0,0,0,0,0,0
22,Movie_22 (1990),Documentary|Crime|Horror,1990,0,0,0,0,0,1,1,0,0,0,1,0,0,0,0,0,0,0
23,Movie_23 (2019),Horror|Animation,2019,0,0,1,0,0,0,0,0,0,0,1,0,0,0,0,0,0,0
24,Movie_24 (2020),Animation|Comedy|Adventure,2020,0,1,1,0,1,0,0,0,0,0,0,0,0,0,0,0,0,0
25,Movie_25 (2005),Fantasy,2005,0,0,0,0,0,0,0,0,1,0,0,0,0,0,0,0,0,0
26,Movie_26 (2002),Mystery,2002,0,0,0,0,0,0,0,0,0,0,0,0,1,0,0,0,0,0
27,Movie_27 (2003),War|Comedy|Drama,2003,0,0,0,0,1,0,0,1,0,0,0,0,0,0,0,0,1,0
28,Movie_28 (2016),Animation|Mystery,2016,0,0,1,0,0,0,0,0,0,0,0,0,1,0,0,0,0,0
29,Movie_29 (1993),Film-Noir|War|Fantasy,1993,0,0,0,0,0,0,0,0,1,1,0,0,0,0,0,0,1,0
30,Movie_30 (1980),War|Mystery,1980,0,0,0,0,0,0,0,0,0,0,0,0,1,0,0,0,1,0
31,Movie_31 (1993),Comedy,1993,0,0,0,0,1,0,0,0,0,0,0,0,0,0,0,0,0,0
32,Movie_32 (2010),Comedy|Documentary|Crime,2010,0,0,0,0,1,1,1,0,0,0,0,0,0,0,0,0,0,0
33,Movie_33 (1999),Western|War|Action,1999,1,0,0,0,0,0,0,0,0,0,0,0,0,0,0,0,1,1
34,Movie_34 (2001),Animation|Thriller,2001,0,0,1,0,0,0,0,0,0,0,0,0,0,0,0,1,0,0
35,Movie_35 (2001),Fantasy,2001,0,0,0,0,0,0,0,0,1,0,0,0,0,0,0,0,0,0
36,Movie_36 (2007),Sci-Fi|Drama,2007,0,0,0,0,0,0,0,1,0,0,0,0,0,0,1,0,0,0
37,Movie_37 (2001),Adventure|Thriller,2001,0,1,0,0,0,0,0,0,0,0,0,0,0,0,0,1,0,0
38,Movie_38 (2014),Documentary,2014,0,0,0,0,0,0,1,0,0,0,0,0,0,0,0,0,0,0
39,Movie_39 (1996),Film-Noir|Adventure,1996,0,1,0,0,0,0,0,0,0,1,0,0,0,0,0,0,0,0
40,Movie_40 (2001),Thriller|Musical|Mystery,2001,0,0,0,0,0,0,0,0,0,0,0,1,1,0,0,1,0,0
41,Movie_41 (1989),Fantasy|Crime,1989,0,0,0,0,0,1,0,0,1,0,0,0,0,0,0,0,0,0
42,Movie_42 (1994),Mystery|Horror|Fantasy,1994,0,0,0,0,0,0,0,0,1,0,1,0,1,0,0,0,0,0
43,Movie_43 (1980),Film-Noir,1980,0,0,0,0,0,0,0,0,0,1,0,0,0,0,0,0,0,0
44,Movie_44 (2016),War|Adventure|Drama,2016,0,1,0,0,0,0,0,1,0,0,0,0,0,0,0,0,1,0
45,Movie_45 (1984),Fantasy|Comedy,1984,0,0,0,0,1,0,0,0,1,0,0,0,0,0,0,0,0,0
46,Movie_46 (2010),Romance,2010,0,0,0,0,0,0,0,0,0,0,0,0,0,1,0,0,0,0
47,Movie_47 (2016),Drama|War,2016,0,0,0,0,0,0,0,1,0,0,0,0,0,0,0,0,1,0
48,Movie_48 (1997),Comedy|Animation|Fantasy,1997,0,0,1,0,1,0,0,0,1,0,0,0,0,0,0,0,0,0
49,Movie_49 (1984),War|Western|Fantasy,1984,0,0,0,0,0,0,0,0,1,0,0,0,0,0,0,0,1,1
50,Movie_50 (2010),Documentary|Western|Crime,2010,0,0,0,0,0,1,1,0,0,0,0,0,0,0,0,0,0,1
51,Movie_51 (1996),Mystery,1996,0,0,0,0,0,0,0,0,0,0,0,0,1,0,0,0,0,0
52,Movie_52 (2010),Western|Horror|War,2010,0,0,0,0,0,0,0,0,0,0,1,0,0,0,0,0,1,1
53,Movie_53 (2008),Action,2008,1,0,0,0,0,0,0,0,0,0,0,0,0,0,0,0,0,0
54,Movie_54 (1997),Romance|Children,1997,0,0,0,1,0,0,0,0,0,0,0,0,0,1,0,0,0,0
55,Movie_55 (2000),Documentary|Western,2000,0,0,0,0,0,0,1,0,0,0,0,0,0,0,0,0,0,1
56,Movie_56 (2000),Crime|Documentary,2000,0,0,0,0,0,1,1,0,0,0,0,0,0,0,0,0,0,0
57,Movie_57 (1999),Crime|Film-Noir|Comedy,1999,0,0,0,0,1,1,0,0,0,1,0,0,0,0,0,0,0,0
58,Movie_58 (1999),Crime|Western|Horror,1999,0,0,0,0,0,1,0,0,0,0,1,0,0,0,0,0,0,1
59,Movie_59 (1989),Children,1989,0,0,0,1,0,0,0,0,0,0,0,0,0,0,0,0,0,0
60,Movie_60 (2011),Mystery|Musical|Crime,2011,0,0,0,0,0,1,0,0,0,0,0,1,1,0,0,0,0,0
61,Movie_61 (2000),Drama|Animation,2000,0,0,1,0,0,0,0,1,0,0,0,0,0,0,0,0,0,0
62,Movie_62 (1999),Children|War|Fantasy,1999,0,0,0,1,0,0,0,0,1,0,0,0,0,0,0,0,1,0
63,Movie_63 (1984),Film-Noir|Children,1984,0,0,0,1,0,0,0,0,0,1,0,0,0,0,0,0,0,0
64,Movie_64 (1990),Drama,1990,0,0,0,0,0,0,0,1,0,0,0,0,0,0,0,0,0,0
65,Movie_65 (2005),War,2005,0,0,0,0,0,0,0,0,0,0,0,0,0,0,0,0,1,0
66,Movie_66 (2019),Mystery,2019,0,0,0,0,0,0,0,0,0,0,0,0,1,0,0,0,0,0
67,Movie_67 (2020),Thriller|Musical|Sci-Fi,2020,0,0,0,0,0,0,0,0,0,0,0,1,0,0,1,1,0,0
68,Movie_68 (2015),Comedy,2015,0,0,0,0,1,0,0,0,0,0,0,0,0,0,0,0,0,0
69,Movie_69 (1981),Thriller,1981,0,0,0,0,0,0,0,0,0,0,0,0,0,0,0,1,0,0
70,Movie_70 (1997),Children,1997,0,0,0,1,0,0,0,0,0,0,0,0,0,0,0,0,0,0
71,Movie_71 (2009),Musical|Romance|Crime,2009,0,0,0,0,0,1,0,0,0,0,0,1,0,1,0,0,0,0
72,Movie_72 (2004),Adventure|Romance,2004,0,1,0,0,0,0,0,0,0,0,0,0,0,1,0,0,0,0
73,Movie_73 (2019),Crime|Adventure,2019,0,1,0,0,0,1,0,0,0,0,0,0,0,0,0,0,0,0
74,Movie_74 (2015),Sci-Fi,2015,0,0,0,0,0,0,0,0,0,0,0,0,0,0,1,0,0,0
75,Movie_75 (2015),Action,2015,1,0,0,0,0,0,0,0,0,0,0,0,0,0,0,0,0,0
76,Movie_76 (2000),Western,2000,0,0,0,0,0,0,0,0,0,0,0,0,0,0,0,0,0,1
77,Movie_77 (1995),Western,1995,0,0,0,0,0,0,0,0,0,0,0,0,0,0,0,0,0,1
78,Movie_78 (1982),Documentary|Romance,1982,0,0,0,0,0,0,1,0,0,0,0,0,0,1,0,0,0,0
79,Movie_79 (2017),Western|Animation|Comedy,2017,0,0,1,0,1,0,0,0,0,0,0,0,0,0,0,0,0,1
80,Movie_80 (1989),Documentary|Musical|Horror,1989,0,0,0,0,0,0,1,0,0,0,1,1,0,0,0,0,0,0
81,Movie_81 (2012),Thriller|Documentary|Action,2012,1,0,0,0,0,0,1,0,0,0,0,0,0,0,0,1,0,0
82,Movie_82 (1995),Drama|Horror|Romance,1995,0,0,0,0,0,0,0,1,0,0,1,0,0,1,0,0,0,0
83,Movie_83 (2002),Musical|Romance,2002,0,0,0,0,0,0,0,0,0,0,0,1,0,1,0,0,0,0
84,Movie_84 (2002),Musical|Horror|War,2002,0,0,0,0,0,0,0,0,0,0,1,1,0,0,0,0,1,0
85,Movie_85 (2004),Sci-Fi|Animation|Documentary,2004,0,0,1,0,0,0,1,0,0,0,0,0,0,0,1,0,0,0
86,Movie_86 (2008),Crime,2008,0,0,0,0,0,1,0,0,0,0,0,0,0,0,0,0,0,0
87,Movie_87 (2013),Animation|Romance|Drama,2013,0,0,1,0,0,0,0,1,0,0,0,0,0,1,0,0,0,0
88,Movie_88 (2004),Action|Fantasy|Documentary,2004,1,0,0,0,0,0,1,0,1,0,0,0,0,0,0,0,0,0
89,Movie_89 (2006),Western,2006,0,0,0,0,0,0,0,0,0,0,0,0,0,0,0,0,0,1
90,Movie_90 (1985),Comedy,1985,0,0,0,0,1,0,0,0,0,0,0,0,0,0,0,0,0,0
91,Movie_91 (2016),Comedy|Action,2016,1,0,0,0,1,0,0,0,0,0,0,0,0,0,0,0,0,0
92,Movie_92 (2016),Comedy|Western|Fantasy,2016,0,0,0,0,1,0,0,0,1,0,0,0,0,0,0,0,0,1
93,Movie_93 (1993),War|Documentary,1993,0,0,0,0,0,0,1,0,0,0,0,0,0,0,0,0,1,0
94,Movie_94 (2009),Romance,2009,0,0,0,0,0,0,0,0,0,0,0,0,0,1,0,0,0,0
95,Movie_95 (1987),Sci-Fi|Musical|Children,1987,0,0,0,1,0,0,0,0,0,0,0,1,0,0,1,0,0,0
96,Movie_96 (2009),Film-Noir|Comedy|Horror,2009,0,0,0,0,1,0,0,0,0,1,1,0,0,0,0,0,0,0
97,Movie_97 (2000),Film-Noir|Animation|Horror,2000,0,0,1,0,0,0,0,0,0,1,1,0,0,0,0,0,0,0
98,Movie_98 (2018),Romance|Animation,2018,0,0,1,0,0,0,0,0,0,0,0,0,0,1,0,0,0,0
99,Movie_99 (2006),War,2006,0,0,0,0,0,0,0,0,0,0,0,0,0,0,0,0,1,0
100,Movie_100 (2020),Musical|Children|Drama,2020,0,0,0,1,0,0,0,1,0,0,0,1,0,0,0,0,0,0
101,Movie_101 (1989),Crime|Action|Adventure,1989,1,1,0,0,0,1,0,0,0,0,0,0,0,0,0,0,0,0
102,Movie_102 (2009),Crime|Documentary,2009,0,0,0,0,0,1,1,0,0,0,0,0,0,0,0,0,0,0
103,Movie_103 (2016),Western|Adventure|Action,2016,1,1,0,0,0,0,0,0,0,0,0,0,0,0,0,0,0,1
104,Movie_104 (2020),Thriller|Action,2020,1,0,0,0,0,0,0,0,0,0,0,0,0,0,0,1,0,0
105,Movie_105 (1990),Children|War,1990,0,0,0,1,0,0,0,0,0,0,0,0,0,0,0,0,1,0
106,Movie_106 (1986),Horror|Western|Romance,1986,0,0,0,0,0,0,0,0,0,0,1,0,0,1,0,0,0,1
107,Movie_107 (2001),Musical|Thriller|Comedy,2001,0,0,0,0,1,0,0,0,0,0,0,1,0,0,0,1,0,0
108,Movie_108 (2018),Comedy,2018,0,0,0,0,1,0,0,0,0,0,0,0,0,0,0,0,0,0
109,Movie_109 (2014),Sci-Fi|Drama,2014,0,0,0,0,0,0,0,1,0,0,0,0,0,0,1,0,0,0
110,Movie_110 (2013),Children|Drama,2013,0,0,0,1,0,0,0,1,0,0,0,0,0,0,0,0,0,0
111,Movie_111 (2001),Children,2001,0,0,0,1,0,0,0,0,0,0,0,0,0,0,0,0,0,0
112,Movie_112 (2008),Musical|Drama|Documentary,2008,0,0,0,0,0,0,1,1,0,0,0,1,0,0,0,0,0,0
113,Movie_113 (2009),Animation|Horror,2009,0,0,1,0,0,0,0,0,0,0,1,0,0,0,0,0,0,0
114,Movie_114 (1983),Comedy|Mystery,1983,0,0,0,0,1,0,0,0,0,0,0,0,1,0,0,0,0,0
115,Movie_115 (2019),Crime|Adventure,2019,0,1,0,0,0,1,0,0,0,0,0,0,0,0,0,0,0,0
116,Movie_116 (2002),Romance|Documentary|Action,2002,1,0,0,0,0,0,1,0,0,0,0,0,0,1,0,0,0,0
117,Movie_117 (2015),War|Musical,2015,0,0,0,0,0,0,0,0,0,0,0,1,0,0,0,0,1,0
118,Movie_118 (2013),Comedy,2013,0,0,0,0,1,0,0,0,0,0,0,0,0,0,0,0,0,0
119,Movie_119 (2003),Sci-Fi,2003,0,0,0,0,0,0,0,0,0,0,0,0,0,0,1,0,0,0
120,Movie_120 (1993),Film-Noir,1993,0,0,0,0,0,0,0,0,0,1,0,0,0,0,0,0,0,0
121,Movie_121 (1990),Mystery|Romance|Fantasy,1990,0,0,0,0,0,0,0,0,1,0,0,0,1,1,0,0,0,0
122,Movie_122 (1989),Romance|Documentary|War,1989,0,0,0,0,0,0,1,0,0,0,0,0,0,1,0,0,1,0
123,Movie_123 (2007),Film-Noir|Animation,2007,0,0,1,0,0,0,0,0,0,1,0,0,0,0,0,0,0,0
124,Movie_124 (2011),Action|Thriller,2011,1,0,0,0,0,0,0,0,0,0,0,0,0,0,0,1,0,0
125,Movie_125 (1987),Children|Thriller|Documentary,1987,0,0,0,1,0,0,1,0,0,0,0,0,0,0,0,1,0,0
126,Movie_126 (2008),Western|War|Drama,2008,0,0,0,0,0,0,0,1,0,0,0,0,0,0,0,0,1,1
127,Movie_127 (2000),Western|Mystery,2000,0,0,0,0,0,0,0,0,0,0,0,0,1,0,0,0,0,1
128,Movie_128 (2015),Crime,2015,0,0,0,0,0,1,0,0,0,0,0,0,0,0,0,0,0,0
129,Movie_129 (2017),Romance|Action|Documentary,2017,1,0,0,0,0,0,1,0,0,0,0,0,0,1,0,0,0,0
130,Movie_130 (1984),Documentary,1984,0,0,0,0,0,0,1,0,0,0,0,0,0,0,0,0,0,0
131,Movie_131 (2010),Thriller|Children,2010,0,0,0,1,0,0,0,0,0,0,0,0,0,0,0,1,0,0
132,Movie_132 (1987),Film-Noir,1987,0,0,0,0,0,0,0,0,0,1,0,0,0,0,0,0,0,0
133,Movie_133 (2003),Thriller,2003,0,0,0,0,0,0,0,0,0,0,0,0,0,0,0,1,0,0
134,Movie_134 (1988),Sci-Fi|Crime,1988,0,0,0,0,0,1,0,0,0,0,0,0,0,0,1,0,0,0
135,Movie_135 (2014),Adventure,2014,0,1,0,0,0,0,0,0,0,0,0,0,0,0,0,0,0,0
136,Movie_136 (2014),Western,2014,0,0,0,0,0,0,0,0,0,0,0,0,0,0,0,0,0,1
137,Movie_137 (1998),Crime|Action,1998,1,0,0,0,0,1,0,0,0,0,0,0,0,0,0,0,0,0
138,Movie_138 (2014),Crime|Fantasy,2014,0,0,0,0,0,1,0,0,1,0,0,0,0,0,0,0,0,0
139,Movie_139 (1998),War|Romance|Film-Noir,1998,0,0,0,0,0,0,0,0,0,1,0,0,0,1,0,0,1,0
140,Movie_140 (2019),Documentary|Drama,2019,0,0,0,0,0,0,1,1,0,0,0,0,0,0,0,0,0,0
141,Movie_141 (2015),Crime|Action,2015,1,0,0,0,0,1,0,0,0,0,0,0,0,0,0,0,0,0
142,Movie_142 (1997),War,1997,0,0,0,0,0,0,0,0,0,0,0,0,0,0,0,0,1,0
143,Movie_143 (2001),Adventure|Thriller|Animation,2001,0,1,1,0,0,0,0,0,0,0,0,0,0,0,0,1,0,0
144,Movie_144 (2005),Western|Comedy,2005,0,0,0,0,1,0,0,0,0,0,0,0,0,0,0,0,0,1
145,Movie_145 (2004),Musical|Western|Film-Noir,2004,0,0,0,0,0,0,0,0,0,1,0,1,0,0,0,0,0,1
146,Movie_146 (1994),Western,1994,0,0,0,0,0,0,0,0,0,0,0,0,0,0,0,0,0,1
147,Movie_147 (2014),Film-Noir,2014,0,0,0,0,0,0,0,0,0,1,0,0,0,0,0,0,0,0
148,Movie_148 (2005),Drama,2005,0,0,0,0,0,0,0,1,0,0,0,0,0,0,0,0,0,0
149,Movie_149 (1981),Documentary,1981,0,0,0,0,0,0,1,0,0,0,0,0,0,0,0,0,0,0
150,Movie_150 (1991),Drama|Mystery|Documentary,1991,0,0,0,0,0,0,1,1,0,0,0,0,1,0,0,0,0,0
151,Movie_151 (1992),Adventure|Mystery,1992,0,1,0,0,0,0,0,0,0,0,0,0,1,0,0,0,0,0
152,Movie_152 (1989),Crime|Thriller,1989,0,0,0,0,0,1,0,0,0,0,0,0,0,0,0,1,0,0
153,Movie_153 (2004),Musical,2004,0,0,0,0,0,0,0,0,0,0,0,1,0,0,0,0,0,0
154,Movie_154 (1982),Western,1982,0,0,0,0,0,0,0,0,0,0,0,0,0,0,0,0,0,1
155,Movie_155 (1991),Action,1991,1,0,0,0,0,0,0,0,0,0,0,0,0,0,0,0,0,0
156,Movie_156 (1998),Romance|Action|Western,1998,1,0,0,0,0,0,0,0,0,0,0,0,0,1,0,0,0,1
157,Movie_157 (2017),Documentary,2017,0,0,0,0,0,0,1,0,0,0,0,0,0,0,0,0,0,0
158,Movie_158 (2009),Action,2009,1,0,0,0,0,0,0,0,0,0,0,0,0,0,0,0,0,0
159,Movie_159 (2000),Sci-Fi|Western|Romance,2000,0,0,0,0,0,0,0,0,0,0,0,0,0,1,1,0,0,1
160,Movie_160 (2008),Children|Sci-Fi,2008,0,0,0,1,0,0,0,0,0,0,0,0,0,0,1,0,0,0
161,Movie_161 (1984),Mystery|Comedy,1984,0,0,0,0,1,0,0,0,0,0,0,0,1,0,0,0,0,0
162,Movie_162 (1994),Children|Western,1994,0,0,0,1,0,0,0,0,0,0,0,0,0,0,0,0,0,1
163,Movie_163 (1998),Crime|Sci-Fi,1998,0,0,0,0,0,1,0,0,0,0,0,0,0,0,1,0,0,0
164,Movie_164 (2017),War|Adventure|Crime,2017,0,1,0,0,0,1,0,0,0,0,0,0,0,0,0,0,1,0
165,Movie_165 (2005),Crime|Mystery,2005,0,0,0,0,0,1,0,0,0,0,0,0,1,0,0,0,0,0
166,Movie_166 (2005),Comedy,2005,0,0,0,0,1,0,0,0,0,0,0,0,0,0,0,0,0,0
167,Movie_167 (2004),Crime|Adventure|Animation,2004,0,1,1,0,0,1,0,0,0,0,0,0,0,0,0,0,0,0
168,Movie_168 (1996),Fantasy,1996,0,0,0,0,0,0,0,0,1,0,0,0,0,0,0,0,0,0
169,Movie_169 (1999),Animation|Comedy,1999,0,0,1,0,1,0,0,0,0,0,0,0,0,0,0,0,0,0
170,Movie_170 (2002),Romance,2002,0,0,0,0,0,0,0,0,0,0,0,0,0,1,0,0,0,0
171,Movie_171 (1992),Drama|Sci-Fi,1992,0,0,0,0,0,0,0,1,0,0,0,0,0,0,1,0,0,0
172,Movie_172 (2003),Musical,2003,0,0,0,0,0,0,0,0,0,0,0,1,0,0,0,0,0,0
173,Movie_173 (1995),War|Thriller|Horror,1995,0,0,0,0,0,0,0,0,0,0,1,0,0,0,0,1,1,0
174,Movie_174 (2020),Documentary|Sci-Fi,2020,0,0,0,0,0,0,1,0,0,0,0,0,0,0,1,0,0,0
175,Movie_175 (2013),Sci-Fi,2013,0,0,0,0,0,0,0,0,0,0,0,0,0,0,1,0,0,0
176,Movie_176 (2006),Western|Children|War,2006,0,0,0,1,0,0,0,0,0,0,0,0,0,0,0,0,1,1
177,Movie_177 (1981),Mystery,1981,0,0,0,0,0,0,0,0,0,0,0,0,1,0,0,0,0,0
178,Movie_178 (1993),Mystery,1993,0,0,0,0,0,0,0,0,0,0,0,0,1,0,0,0,0,0
179,Movie_179 (2000),Sci-Fi|Crime,2000,0,0,0,0,0,1,0,0,0,0,0,0,0,0,1,0,0,0
180,Movie_180 (1991),Film-Noir|Drama|Sci-Fi,1991,0,0,0,0,0,0,0,1,0,1,0,0,0,0,1,0,0,0
181,Movie_181 (1984),Sci-Fi|Western,1984,0,0,0,0,0,0,0,0,0,0,0,0,0,0,1,0,0,1
182,Movie_182 (1992),Children,1992,0,0,0,1,0,0,0,0,0,0,0,0,0,0,0,0,0,0
183,Movie_183 (2002),Comedy,2002,0,0,0,0,1,0,0,0,0,0,0,0,0,0,0,0,0,0
184,Movie_184 (1996),Drama|Documentary,1996,0,0,0,0,0,0,1,1,0,0,0,0,0,0,0,0,0,0
185,Movie_185 (2011),Documentary|Crime|War,2011,0,0,0,0,0,1,1,0,0,0,0,0,0,0,0,0,1,0
186,Movie_186 (2002),Comedy,2002,0,0,0,0,1,0,0,0,0,0,0,0,0,0,0,0,0,0
187,Movie_187 (2018),Adventure|Action|Musical,2018,1,1,0,0,0,0,0,0,0,0,0,1,0,0,0,0,0,0
188,Movie_188 (2003),Thriller|Animation|Action,2003,1,0,1,0,0,0,0,0,0,0,0,0,0,0,0,1,0,0
189,Movie_189 (2015),Animation|Fantasy|War,2015,0,0,1,0,0,0,0,0,1,0,0,0,0,0,0,0,1,0
190,Movie_190 (2018),War,2018,0,0,0,0,0,0,0,0,0,0,0,0,0,0,0,0,1,0
191,Movie_191 (1997),Film-Noir|Romance|Crime,1997,0,0,0,0,0,1,0,0,0,1,0,0,0,1,0,0,0,0
192,Movie_192 (2014),Adventure,2014,0,1,0,0,0,0,0,0,0,0,0,0,0,0,0,0,0,0
193,Movie_193 (2004),Animation,2004,0,0,1,0,0,0,0,0,0,0,0,0,0,0,0,0,0,0
194,Movie_194 (2002),Mystery|Drama,2002,0,0,0,0,0,0,0,1,0,0,0,0,1,0,0,0,0,0
195,Movie_195 (1982),Action|Documentary|Animation,1982,1,0,1,0,0,0,1,0,0,0,0,0,0,0,0,0,0,0
196,Movie_196 (1982),Animation,1982,0,0,1,0,0,0,0,0,0,0,0,0,0,0,0,0,0,0
197,Movie_197 (1998),Fantasy|Sci-Fi,1998,0,0,0,0,0,0,0,0,1,0,0,0,0,0,1,0,0,0
198,Movie_198 (2006),Mystery|Fantasy,2006,0,0,0,0,0,0,0,0,1,0,0,0,1,0,0,0,0,0
199,Movie_199 (2003),Animation|Action,2003,1,0,1,0,0,0,0,0,0,0,0,0,0,0,0,0,0,0
200,Movie_200 (1999),Thriller,1999,0,0,0,0,0,0,0,0,0,0,0,0,0,0,0,1,0,0
201,Movie_201 (1998),Adventure|Film-Noir,1998,0,1,0,0,0,0,0,0,0,1,0,0,0,0,0,0,0,0
202,Movie_202 (1997),Documentary|Adventure|Western,1997,0,1,0,0,0,0,1,0,0,0,0,0,0,0,0,0,0,1
203,Movie_203 (1999),Sci-Fi,1999,0,0,0,0,0,0,0,0,0,0,0,0,0,0,1,0,0,0
204,Movie_204 (2016),War,2016,0,0,0,0,0,0,0,0,0,0,0,0,0,0,0,0,1,0
205,Movie_205 (1995),Thriller|Sci-Fi,1995,0,0,0,0,0,0,0,0,0,0,0,0,0,0,1,1,0,0
206,Movie_206 (1995),Crime,1995,0,0,0,0,0,1,0,0,0,0,0,0,0,0,0,0,0,0
207,Movie_207 (1991),Action|Animation|Drama,1991,1,0,1,0,0,0,0,1,0,0,0,0,0,0,0,0,0,0
208,Movie_208 (2004),Sci-Fi|Musical|War,2004,0,0,0,0,0,0,0,0,0,0,0,1,0,0,1,0,1,0
209,Movie_209 (2013),Thriller|Sci-Fi|Western,2013,0,0,0,0,0,0,0,0,0,0,0,0,0,0,1,1,0,1
210,Movie_210 (2014),Children|Western,2014,0,0,0,1,0,0,0,0,0,0,0,0,0,0,0,0,0,1
211,Movie_211 (1989),Film-Noir|Crime,1989,0,0,0,0,0,1,0,0,0,1,0,0,0,0,0,0,0,0
212,Movie_212 (2005),Comedy|Film-Noir,2005,0,0,0,0,1,0,0,0,0,1,0,0,0,0,0,0,0,0
213,Movie_213 (2004),Drama,2004,0,0,0,0,0,0,0,1,0,0,0,0,0,0,0,0,0,0
214,Movie_214 (2006),Mystery,2006,0,0,0,0,0,0,0,0,0,0,0,0,1,0,0,0,0,0
215,Movie_215 (1980),Animation|Musical|Mystery,1980,0,0,1,0,0,0,0,0,0,0,0,1,1,0,0,0,0,0
216,Movie_216 (2005),Sci-Fi|Thriller|Comedy,2005,0,0,0,0,1,0,0,0,0,0,0,0,0,0,1,1,0,0
217,Movie_217 (2008),War|Adventure|Western,2008,0,1,0,0,0,0,0,0,0,0,0,0,0,0,0,0,1,1
218,Movie_218 (1989),Sci-Fi|Crime,1989,0,0,0,0,0,1,0,0,0,0,0,0,0,0,1,0,0,0
219,Movie_219 (1989),Crime,1989,0,0,0,0,0,1,0,0,0,0,0,0,0,0,0,0,0,0
220,Movie_220 (2017),Documentary|Animation,2017,0,0,1,0,0,0,1,0,0,0,0,0,0,0,0,0,0,0
221,Movie_221 (2003),Musical,2003,0,0,0,0,0,0,0,0,0,0,0,1,0,0,0,0,0,0
222,Movie_222 (1982),War|Action|Horror,1982,1,0,0,0,0,0,0,0,0,0,1,0,0,0,0,0,1,0
223,Movie_223 (2009),Comedy|Western,2009,0,0,0,0,1,0,0,0,0,0,0,0,0,0,0,0,0,1
224,Movie_224 (1989),War,1989,0,0,0,0,0,0,0,0,0,0,0,0,0,0,0,0,1,0
225,Movie_225 (1985),Film-Noir|Fantasy|Western,1985,0,0,0,0,0,0,0,0,1,1,0,0,0,0,0,0,0,1
226,Movie_226 (1990),Adventure|Children|Animation,1990,0,1,1,1,0,0,0,0,0,0,0,0,0,0,0,0,0,0
227,Movie_227 (2018),Action,2018,1,0,0,0,0,0,0,0,0,0,0,0,0,0,0,0,0,0
228,Movie_228 (2012),Drama,2012,0,0,0,0,0,0,0,1,0,0,0,0,0,0,0,0,0,0
229,Movie_229 (1998),Romance,1998,0,0,0,0,0,0,0,0,0,0,0,0,0,1,0,0,0,0
230,Movie_230 (1990),Animation|Thriller|Fantasy,1990,0,0,1,0,0,0,0,0,1,0,0,0,0,0,0,1,0,0
231,Movie_231 (2014),Crime,2014,0,0,0,0,0,1,0,0,0,0,0,0,0,0,0,0,0,0
232,Movie_232 (1987),Sci-Fi|Thriller,1987,0,0,0,0,0,0,0,0,0,0,0,0,0,0,1,1,0,0
233,Movie_233 (2000),Western|Sci-Fi|War,2000,0,0,0,0,0,0,0,0,0,0,0,0,0,0,1,0,1,1
234,Movie_234 (2007),Fantasy|Mystery,2007,0,0,0,0,0,0,0,0,1,0,0,0,1,0,0,0,0,0
235,Movie_235 (1980),Adventure,1980,0,1,0,0,0,0,0,0,0,0,0,0,0,0,0,0,0,0
236,Movie_236 (2015),Comedy|Animation,2015,0,0,1,0,1,0,0,0,0,0,0,0,0,0,0,0,0,0
237,Movie_237 (1993),Thriller|Musical,1993,0,0,0,0,0,0,0,0,0,0,0,1,0,0,0,1,0,0
238,Movie_238 (2008),Crime|Comedy|Film-Noir,2008,0,0,0,0,1,1,0,0,0,1,0,0,0,0,0,0,0,0
239,Movie_239 (1997),War,1997,0,0,0,0,0,0,0,0,0,0,0,0,0,0,0,0,1,0
240,Movie_240 (1983),Documentary|Fantasy|Animation,1983,0,0,1,0,0,0,1,0,1,0,0,0,0,0,0,0,0,0
241,Movie_241 (1983),Musical|Drama,1983,0,0,0,0,0,0,0,1,0,0,0,1,0,0,0,0,0,0
242,Movie_242 (1994),Western|Horror|Drama,1994,0,0,0,0,0,0,0,1,0,0,1,0,0,0,0,0,0,1
243,Movie_243 (1989),Action|War,1989,1,0,0,0,0,0,0,0,0,0,0,0,0,0,0,0,1,0
244,Movie_244 (2002),Sci-Fi,2002,0,0,0,0,0,0,0,0,0,0,0,0,0,0,1,0,0,0
245,Movie_245 (2012),Documentary,2012,0,0,0,0,0,0,1,0,0,0,0,0,0,0,0,0,0,0
246,Movie_246 (2008),Film-Noir,2008,0,0,0,0,0,0,0,0,0,1,0,0,0,0,0,0,0,0
247,Movie_247 (2004),Horror|Sci-Fi,2004,0,0,0,0,0,0,0,0,0,0,1,0,0,0,1,0,0,0
248,Movie_248 (2003),Children|Mystery|Documentary,2003,0,0,0,1,0,0,1,0,0,0,0,0,1,0,0,0,0,0
249,Movie_249 (1985),Horror|Musical|Thriller,1985,0,0,0,0,0,0,0,0,0,0,1,1,0,0,0,1,0,0
250,Movie_250 (1989),Documentary|Romance|Film-Noir,1989,0,0,0,0,0,0,1,0,0,1,0,0,0,1,0,0,0,0
251,Movie_251 (2016),Film-Noir|Adventure|Western,2016,0,1,0,0,0,0,0,0,0,1,0,0,0,0,0,0,0,1
252,Movie_252 (1991),Drama|Mystery|Children,1991,0,0,0,1,0,0,0,1,0,0,0,0,1,0,0,0,0,0
253,Movie_253 (2003),Fantasy|Horror,2003,0,0,0,0,0,0,0,0,1,0,1,0,0,0,0,0,0,0
254,Movie_254 (2004),War,2004,0,0,0,0,0,0,0,0,0,0,0,0,0,0,0,0,1,0
255,Movie_255 (1980),Thriller|Documentary,1980,0,0,0,0,0,0,1,0,0,0,0,0,0,0,0,1,0,0
256,Movie_256 (1986),Crime|Children|Horror,1986,0,0,0,1,0,1,0,0,0,0,1,0,0,0,0,0,0,0
257,Movie_257 (1998),Sci-Fi,1998,0,0,0,0,0,0,0,0,0,0,0,0,0,0,1,0,0,0
258,Movie_258 (1988),Mystery,1988,0,0,0,0,0,0,0,0,0,0,0,0,1,0,0,0,0,0
259,Movie_259 (1985),Fantasy,1985,0,0,0,0,0,0,0,0,1,0,0,0,0,0,0,0,0,0
260,Movie_260 (2003),Sci-Fi,2003,0,0,0,0,0,0,0,0,0,0,0,0,0,0,1,0,0,0
261,Movie_261 (2000),Fantasy|Thriller|Crime,2000,0,0,0,0,0,1,0,0,1,0,0,0,0,0,0,1,0,0
262,Movie_262 (2018),Animation,2018,0,0,1,0,0,0,0,0,0,0,0,0,0,0,0,0,0,0
263,Movie_263 (2016),Drama|Crime,2016,0,0,0,0,0,1,0,1,0,0,0,0,0,0,0,0,0,0
264,Movie_264 (1981),Musical|Documentary|Horror,1981,0,0,0,0,0,0,1,0,0,0,1,1,0,0,0,0,0,0
265,Movie_265 (2018),Children|Comedy,2018,0,0,0,1,1,0,0,0,0,0,0,0,0,0,0,0,0,0
266,Movie_266 (2017),Comedy|Children|War,2017,0,0,0,1,1,0,0,0,0,0,0,0,0,0,0,0,1,0
267,Movie_267 (1984),Action|Crime|Sci-Fi,1984,1,0,0,0,0,1,0,0,0,0,0,0,0,0,1,0,0,0
268,Movie_268 (1999),War|Musical|Comedy,1999,0,0,0,0,1,0,0,0,0,0,0,1,0,0,0,0,1,0
269,Movie_269 (2010),Children,2010,0,0,0,1,0,0,0,0,0,0,0,0,0,0,0,0,0,0
270,Movie_270 (2004),Fantasy|Action,2004,1,0,0,0,0,0,0,0,1,0,0,0,0,0,0,0,0,0
271,Movie_271 (2017),Action,2017,1,0,0,0,0,0,0,0,0,0,0,0,0,0,0,0,0,0
272,Movie_272 (1987),Documentary|Action|Western,1987,1,0,0,0,0,0,1,0,0,0,0,0,0,0,0,0,0,1
273,Movie_273 (2017),Musical|Children,2017,0,0,0,1,0,0,0,0,0,0,0,1,0,0,0,0,0,0
274,Movie_274 (1997),Film-Noir,1997,0,0,0,0,0,0,0,0,0,1,0,0,0,0,0,0,0,0
275,Movie_275 (2012),Documentary|Comedy,2012,0,0,0,0,1,0,1,0,0,0,0,0,0,0,0,0,0,0
276,Movie_276 (2013),Mystery|Animation|Film-Noir,2013,0,0,1,0,0,0,0,0,0,1,0,0,1,0,0,0,0,0
277,Movie_277 (2020),Musical|Film-Noir,2020,0,0,0,0,0,0,0,0,0,1,0,1,0,0,0,0,0,0
278,Movie_278 (1988),Adventure|Children|Crime,1988,0,1,0,1,0,1,0,0,0,0,0,0,0,0,0,0,0,0
279,Movie_279 (2017),Film-Noir,2017,0,0,0,0,0,0,0,0,0,1,0,0,0,0,0,0,0,0
280,Movie_280 (2001),Documentary|Action,2001,1,0,0,0,0,0,1,0,0,0,0,0,0,0,0,0,0,0
281,Movie_281 (1990),War|Adventure,1990,0,1,0,0,0,0,0,0,0,0,0,0,0,0,0,0,1,0
282,Movie_282 (2018),Musical|Comedy,2018,0,0,0,0,1,0,0,0,0,0,0,1,0,0,0,0,0,0
283,Movie_283 (2014),Musical,2014,0,0,0,0,0,0,0,0,0,0,0,1,0,0,0,0,0,0
284,Movie_284 (1986),Musical,1986,0,0,0,0,0,0,0,0,0,0,0,1,0,0,0,0,0,0
285,Movie_285 (1982),Fantasy|Sci-Fi|Romance,1982,0,0,0,0,0,0,0,0,1,0,0,0,0,1,1,0,0,0
286,Movie_286 (1988),Animation|Horror|Mystery,1988,0,0,1,0,0,0,0,0,0,0,1,0,1,0,0,0,0,0
287,Movie_287 (1985),Comedy|Children|Action,1985,1,0,0,1,1,0,0,0,0,0,0,0,0,0,0,0,0,0
288,Movie_288 (1985),Drama,1985,0,0,0,0,0,0,0,1,0,0,0,0,0,0,0,0,0,0
289,Movie_289 (1987),Adventure,1987,0,1,0,0,0,0,0,0,0,0,0,0,0,0,0,0,0,0
290,Movie_290 (2008),Drama,2008,0,0,0,0,0,0,0,1,0,0,0,0,0,0,0,0,0,0
291,Movie_291 (2018),Animation,2018,0,0,1,0,0,0,0,0,0,0,0,0,0,0,0,0,0,0
292,Movie_292 (2002),War|Crime,2002,0,0,0,0,0,1,0,0,0,0,0,0,0,0,0,0,1,0
293,Movie_293 (1981),Animation|Documentary,1981,0,0,1,0,0,0,1,0,0,0,0,0,0,0,0,0,0,0
294,Movie_294 (2011),War|Adventure|Documentary,2011,0,1,0,0,0,0,1,0,0,0,0,0,0,0,0,0,1,0
295,Movie_295 (2018),Documentary|Crime,2018,0,0,0,0,0,1,1,0,0,0,0,0,0,0,0,0,0,0
296,Movie_296 (1999),Film-Noir,1999,0,0,0,0,0,0,0,0,0,1,0,0,0,0,0,0,0,0
297,Movie_297 (1987),Comedy|Action|Fantasy,1987,1,0,0,0,1,0,0,0,1,0,0,0,0,0,0,0,0,0
298,Movie_298 (2005),War|Thriller|Crime,2005,0,0,0,0,0,1,0,0,0,0,0,0,0,0,0,1,1,0
299,Movie_299 (2007),Comedy,2007,0,0,0,0,1,0,0,0,0,0,0,0,0,0,0,0,0,0
300,Movie_300 (1992),Fantasy,1992,0,0,0,0,0,0,0,0,1,0,0,0,0,0,0,0,0,0
301,Movie_301 (2008),Animation|Romance,2008,0,0,1,0,0,0,0,0,0,0,0,0,0,1,0,0,0,0
302,Movie_302 (1989),Documentary|Action,1989,1,0,0,0,0,0,1,0,0,0,0,0,0,0,0,0,0,0
303,Movie_303 (2001),Film-Noir,2001,0,0,0,0,0,0,0,0,0,1,0,0,0,0,0,0,0,0
304,Movie_304 (1991),War|Horror,1991,0,0,0,0,0,0,0,0,0,0,1,0,0,0,0,0,1,0
305,Movie_305 (2017),Sci-Fi|Film-Noir,2017,0,0,0,0,0,0,0,0,0,1,0,0,0,0,1,0,0,0
306,Movie_306 (2009),Romance|Western,2009,0,0,0,0,0,0,0,0,0,0,0,0,0,1,0,0,0,1
307,Movie_307 (1980),Comedy|Drama|Romance,1980,0,0,0,0,1,0,0,1,0,0,0,0,0,1,0,0,0,0
308,Movie_308 (1984),Western|Thriller,1984,0,0,0,0,0,0,0,0,0,0,0,0,0,0,0,1,0,1
309,Movie_309 (1991),Adventure|Animation|Romance,1991,0,1,1,0,0,0,0,0,0,0,0,0,0,1,0,0,0,0
310,Movie_310 (1982),Horror|Comedy|Musical,1982,0,0,0,0,1,0,0,0,0,0,1,1,0,0,0,0,0,0
311,Movie_311 (2011),Film-Noir|Thriller,2011,0,0,0,0,0,0,0,0,0,1,0,0,0,0,0,1,0,0
312,Movie_312 (2017),Drama,2017,0,0,0,0,0,0,0,1,0,0,0,0,0,0,0,0,0,0
313,Movie_313 (2017),Drama,2017,0,0,0,0,0,0,0,1,0,0,0,0,0,0,0,0,0,0
314,Movie_314 (1989),Adventure|Children|War,1989,0,1,0,1,0,0,0,0,0,0,0,0,0,0,0,0,1,0
315,Movie_315 (1998),Animation,1998,0,0,1,0,0,0,0,0,0,0,0,0,0,0,0,0,0,0
316,Movie_316 (1998),Horror,1998,0,0,0,0,0,0,0,0,0,0,1,0,0,0,0,0,0,0
317,Movie_317 (1993),Horror|Mystery|War,1993,0,0,0,0,0,0,0,0,0,0,1,0,1,0,0,0,1,0
318,Movie_318 (2008),Documentary|War|Film-Noir,2008,0,0,0,0,0,0,1,0,0,1,0,0,0,0,0,0,1,0
319,Movie_319 (1980),Western|Adventure|Drama,1980,0,1,0,0,0,0,0,1,0,0,0,0,0,0,0,0,0,1
320,Movie_320 (1984),Film-Noir,1984,0,0,0,0,0,0,0,0,0,1,0,0,0,0,0,0,0,0
321,Movie_321 (2008),Animation|Horror|Film-Noir,2008,0,0,1,0,0,0,0,0,0,1,1,0,0,0,0,0,0,0
322,Movie_322 (1991),Film-Noir,1991,0,0,0,0,0,0,0,0,0,1,0,0,0,0,0,0,0,0
323,Movie_323 (1986),Adventure|Horror,1986,0,1,0,0,0,0,0,0,0,0,1,0,0,0,0,0,0,0
324,Movie_324 (2010),Romance|Children,2010,0,0,0,1,0,0,0,0,0,0,0,0,0,1,0,0,0,0
325,Movie_325 (1981),Sci-Fi|Documentary,1981,0,0,0,0,0,0,1,0,0,0,0,0,0,0,1,0,0,0
326,Movie_326 (2011),Fantasy,2011,0,0,0,0,0,0,0,0,1,0,0,0,0,0,0,0,0,0
327,Movie_327 (1989),Film-Noir|Mystery,1989,0,0,0,0,0,0,0,0,0,1,0,0,1,0,0,0,0,0
328,Movie_328 (2020),Mystery|Musical,2020,0,0,0,0,0,0,0,0,0,0,0,1,1,0,0,0,0,0
329,Movie_329 (2005),Animation,2005,0,0,1,0,0,0,0,0,0,0,0,0,0,0,0,0,0,0
330,Movie_330 (2004),Mystery|Crime|Comedy,2004,0,0,0,0,1,1,0,0,0,0,0,0,1,0,0,0,0,0
331,Movie_331 (1998),Fantasy|Romance,1998,0,0,0,0,0,0,0,0,1,0,0,0,0,1,0,0,0,0
332,Movie_332 (2004),Animation|Mystery|Comedy,2004,0,0,1,0,1,0,0,0,0,0,0,0,1,0,0,0,0,0
333,Movie_333 (2011),Mystery,2011,0,0,0,0,0,0,0,0,0,0,0,0,1,0,0,0,0,0
334,Movie_334 (2020),Sci-Fi,2020,0,0,0,0,0,0,0,0,0,0,0,0,0,0,1,0,0,0
335,Movie_335 (2018),Thriller,2018,0,0,0,0,0,0,0,0,0,0,0,0,0,0,0,1,0,0
336,Movie_336 (1981),Fantasy|Drama,1981,0,0,0,0,0,0,0,1,1,0,0,0,0,0,0,0,0,0
337,Movie_337 (2010),Sci-Fi,2010,0,0,0,0,0,0,0,0,0,0,0,0,0,0,1,0,0,0
338,Movie_338 (2012),Drama|Children,2012,0,0,0,1,0,0,0,1,0,0,0,0,0,0,0,0,0,0
339,Movie_339 (2016),Western|Children,2016,0,0,0,1,0,0,0,0,0,0,0,0,0,0,0,0,0,1
340,Movie_340 (2001),Thriller|Romance,2001,0,0,0,0,0,0,0,0,0,0,0,0,0,1,0,1,0,0
341,Movie_341 (2005),Fantasy,2005,0,0,0,0,0,0,0,0,1,0,0,0,0,0,0,0,0,0
342,Movie_342 (1989),Adventure|Western|Film-Noir,1989,0,1,0,0,0,0,0,0,0,1,0,0,0,0,0,0,0,1
343,Movie_343 (2003),Adventure,2003,0,1,0,0,0,0,0,0,0,0,0,0,0,0,0,0,0,0
344,Movie_344 (2018),Romance|Documentary|Comedy,2018,0,0,0,0,1,0,1,0,0,0,0,0,0,1,0,0,0,0
345,Movie_345 (2008),Drama|Crime,2008,0,0,0,0,0,1,0,1,0,0,0,0,0,0,0,0,0,0
346,Movie_346 (1995),Thriller|Children|Comedy,1995,0,0,0,1,1,0,0,0,0,0,0,0,0,0,0,1,0,0
347,Movie_347 (2010),Horror|Film-Noir|Documentary,2010,0,0,0,0,0,0,1,0,0,1,1,0,0,0,0,0,0,0
348,Movie_348 (2018),Mystery,2018,0,0,0,0,0,0,0,0,0,0,0,0,1,0,0,0,0,0
349,Movie_349 (2019),Drama|Romance,2019,0,0,0,0,0,0,0,1,0,0,0,0,0,1,0,0,0,0
350,Movie_350 (1981),Romance|Sci-Fi|Comedy,1981,0,0,0,0,1,0,0,0,0,0,0,0,0,1,1,0,0,0
351,Movie_351 (1993),Adventure|Action,1993,1,1,0,0,0,0,0,0,0,0,0,0,0,0,0,0,0,0
352,Movie_352 (1985),Crime|Romance,1985,0,0,0,0,0,1,0,0,0,0,0,0,0,1,0,0,0,0
353,Movie_353 (2004),Musical|Western,2004,0,0,0,0,0,0,0,0,0,0,0,1,0,0,0,0,0,1
354,Movie_354 (2012),Thriller,2012,0,0,0,0,0,0,0,0,0,0,0,0,0,0,0,1,0,0
355,Movie_355 (2004),Animation|War,2004,0,0,1,0,0,0,0,0,0,0,0,0,0,0,0,0,1,0
356,Movie_356 (1999),Sci-Fi|Crime,1999,0,0,0,0,0,1,0,0,0,0,0,0,0,0,1,0,0,0
357,Movie_357 (1987),Musical|Thriller,1987,0,0,0,0,0,0,0,0,0,0,0,1,0,0,0,1,0,0
358,Movie_358 (1994),Action|Drama,1994,1,0,0,0,0,0,0,1,0,0,0,0,0,0,0,0,0,0
359,Movie_359 (2010),Fantasy,2010,0,0,0,0,0,0,0,0,1,0,0,0,0,0,0,0,0,0
360,Movie_360 (1998),Western,1998,0,0,0,0,0,0,0,0,0,0,0,0,0,0,0,0,0,1
361,Movie_361 (1984),Crime|War|Animation,1984,0,0,1,0,0,1,0,0,0,0,0,0,0,0,0,0,1,0
362,Movie_362 (1990),Sci-Fi|Musical,1990,0,0,0,0,0,0,0,0,0,0,0,1,0,0,1,0,0,0
363,Movie_363 (2007),Thriller|Musical|Mystery,2007,0,0,0,0,0,0,0,0,0,0,0,1,1,0,0,1,0,0
364,Movie_364 (2002),Drama,2002,0,0,0,0,0,0,0,1,0,0,0,0,0,0,0,0,0,0
365,Movie_365 (2017),Musical,2017,0,0,0,0,0,0,0,0,0,0,0,1,0,0,0,0,0,0
366,Movie_366 (2012),Film-Noir|Adventure,2012,0,1,0,0,0,0,0,0,0,1,0,0,0,0,0,0,0,0
367,Movie_367 (2006),Documentary,2006,0,0,0,0,0,0,1,0,0,0,0,0,0,0,0,0,0,0
368,Movie_368 (2019),Animation|Thriller|Comedy,2019,0,0,1,0,1,0,0,0,0,0,0,0,0,0,0,1,0,0
369,Movie_369 (2015),Musical|Action,2015,1,0,0,0,0,0,0,0,0,0,0,1,0,0,0,0,0,0
370,Movie_370 (2018),Horror,2018,0,0,0,0,0,0,0,0,0,0,1,0,0,0,0,0,0,0
371,Movie_371 (2015),Mystery,2015,0,0,0,0,0,0,0,0,0,0,0,0,1,0,0,0,0,0
372,Movie_372 (2020),Action|Romance,2020,1,0,0,0,0,0,0,0,0,0,0,0,0,1,0,0,0,0
373,Movie_373 (2011),Comedy|Horror,2011,0,0,0,0,1,0,0,0,0,0,1,0,0,0,0,0,0,0
374,Movie_374 (1981),Fantasy,1981,0,0,0,0,0,0,0,0,1,0,0,0,0,0,0,0,0,0
375,Movie_375 (1999),Thriller,1999,0,0,0,0,0,0,0,0,0,0,0,0,0,0,0,1,0,0
376,Movie_376 (2018),Horror|Western|Sci-Fi,2018,0,0,0,0,0,0,0,0,0,0,1,0,0,0,1,0,0,1
377,Movie_377 (1989),Western,1989,0,0,0,0,0,0,0,0,0,0,0,0,0,0,0,0,0,1
378,Movie_378 (2016),Crime|Action,2016,1,0,0,0,0,1,0,0,0,0,0,0,0,0,0,0,0,0
379,Movie_379 (1994),Fantasy|Musical,1994,0,0,0,0,0,0,0,0,1,0,0,1,0,0,0,0,0,0
380,Movie_380 (2001),Crime,2001,0,0,0,0,0,1,0,0,0,0,0,0,0,0,0,0,0,0
381,Movie_381 (2004),Drama|Animation,2004,0,0,1,0,0,0,0,1,0,0,0,0,0,0,0,0,0,0
382,Movie_382 (1983),Western|Crime,1983,0,0,0,0,0,1,0,0,0,0,0,0,0,0,0,0,0,1
383,Movie_383 (1984),Documentary|Thriller,1984,0,0,0,0,0,0,1,0,0,0,0,0,0,0,0,1,0,0
384,Movie_384 (1998),Crime|Adventure,1998,0,1,0,0,0,1,0,0,0,0,0,0,0,0,0,0,0,0
385,Movie_385 (2013),Thriller|Action|Romance,2013,1,0,0,0,0,0,0,0,0,0,0,0,0,1,0,1,0,0
386,Movie_386 (1997),Musical|Fantasy|Children,1997,0,0,0,1,0,0,0,0,1,0,0,1,0,0,0,0,0,0
387,Movie_387 (2008),Action|Comedy|Crime,2008,1,0,0,0,1,1,0,0,0,0,0,0,0,0,0,0,0,0
388,Movie_388 (2007),Children|Horror|Musical,2007,0,0,0,1,0,0,0,0,0,0,1,1,0,0,0,0,0,0
389,Movie_389 (2014),War,2014,0,0,0,0,0,0,0,0,0,0,0,0,0,0,0,0,1,0
390,Movie_390 (2009),Animation|Children|Fantasy,2009,0,0,1,1,0,0,0,0,1,0,0,0,0,0,0,0,0,0
391,Movie_391 (1994),Mystery|Fantasy,1994,0,0,0,0,0,0,0,0,1,0,0,0,1,0,0,0,0,0
392,Movie_392 (2018),Drama|Adventure|Action,2018,1,1,0,0,0,0,0,1,0,0,0,0,0,0,0,0,0,0
393,Movie_393 (2013),Fantasy|Sci-Fi,2013,0,0,0,0,0,0,0,0,1,0,0,0,0,0,1,0,0,0
394,Movie_394 (1997),Musical|Romance,1997,0,0,0,0,0,0,0,0,0,0,0,1,0,1,0,0,0,0
395,Movie_395 (1990),Action,1990,1,0,0,0,0,0,0,0,0,0,0,0,0,0,0,0,0,0
396,Movie_396 (2005),Animation,2005,0,0,1,0,0,0,0,0,0,0,0,0,0,0,0,0,0,0
397,Movie_397 (1986),Romance|Adventure|Documentary,1986,0,1,0,0,0,0,1,0,0,0,0,0,0,1,0,0,0,0
398,Movie_398 (2013),Mystery|Thriller|Film-Noir,2013,0,0,0,0,0,0,0,0,0,1,0,0,1,0,0,1,0,0
399,Movie_399 (1991),Action|Documentary,1991,1,0,0,0,0,0,1,0,0,0,0,0,0,0,0,0,0,0
400,Movie_400 (2002),Horror|Romance,2002,0,0,0,0,0,0,0,0,0,0,1,0,0,1,0,0,0,0
401,Movie_401 (2020),Thriller|Mystery|Western,2020,0,0,0,0,0,0,0,0,0,0,0,0,1,0,0,1,0,1
402,Movie_402 (1986),Drama|Western,1986,0,0,0,0,0,0,0,1,0,0,0,0,0,0,0,0,0,1
403,Movie_403 (2006),Musical|Fantasy,2006,0,0,0,0,0,0,0,0,1,0,0,1,0,0,0,0,0,0
404,Movie_404 (2018),Fantasy|Drama,2018,0,0,0,0,0,0,0,1,1,0,0,0,0,0,0,0,0,0
405,Movie_405 (2007),Adventure,2007,0,1,0,0,0,0,0,0,0,0,0,0,0,0,0,0,0,0
406,Movie_406 (1993),Musical,1993,0,0,0,0,0,0,0,0,0,0,0,1,0,0,0,0,0,0
407,Movie_407 (1996),War|Horror,1996,0,0,0,0,0,0,0,0,0,0,1,0,0,0,0,0,1,0
408,Movie_408 (1999),Sci-Fi,1999,0,0,0,0,0,0,0,0,0,0,0,0,0,0,1,0,0,0
409,Movie_409 (2006),Children,2006,0,0,0,1,0,0,0,0,0,0,0,0,0,0,0,0,0,0
410,Movie_410 (1991),Children,1991,0,0,0,1,0,0,0,0,0,0,0,0,0,0,0,0,0,0
411,Movie_411 (2016),Documentary,2016,0,0,0,0,0,0,1,0,0,0,0,0,0,0,0,0,0,0
412,Movie_412 (2018),Drama,2018,0,0,0,0,0,0,0,1,0,0,0,0,0,0,0,0,0,0
413,Movie_413 (2015),Film-Noir,2015,0,0,0,0,0,0,0,0,0,1,0,0,0,0,0,0,0,0
414,Movie_414 (1983),Mystery|War|Action,1983,1,0,0,0,0,0,0,0,0,0,0,0,1,0,0,0,1,0
415,Movie_415 (1986),Romance|Sci-Fi|Drama,1986,0,0,0,0,0,0,0,1,0,0,0,0,0,1,1,0,0,0
416,Movie_416 (2002),Animation,2002,0,0,1,0,0,0,0,0,0,0,0,0,0,0,0,0,0,0
417,Movie_417 (1992),War|Film-Noir|Drama,1992,0,0,0,0,0,0,0,1,0,1,0,0,0,0,0,0,1,0
418,Movie_418 (2015),Musical,2015,0,0,0,0,0,0,0,0,0,0,0,1,0,0,0,0,0,0
419,Movie_419 (2001),Sci-Fi,2001,0,0,0,0,0,0,0,0,0,0,0,0,0,0,1,0,0,0
420,Movie_420 (2010),Musical|Documentary|Animation,2010,0,0,1,0,0,0,1,0,0,0,0,1,0,0,0,0,0,0
421,Movie_421 (1988),Film-Noir,1988,0,0,0,0,0,0,0,0,0,1,0,0,0,0,0,0,0,0
422,Movie_422 (1987),Mystery|Children|Adventure,1987,0,1,0,1,0,0,0,0,0,0,0,0,1,0,0,0,0,0
423,Movie_423 (1984),Western,1984,0,0,0,0,0,0,0,0,0,0,0,0,0,0,0,0,0,1
424,Movie_424 (2001),War|Sci-Fi,2001,0,0,0,0,0,0,0,0,0,0,0,0,0,0,1,0,1,0
425,Movie_425 (1999),Film-Noir|Children,1999,0,0,0,1,0,0,0,0,0,1,0,0,0,0,0,0,0,0
426,Movie_426 (1987),Musical|Drama,1987,0,0,0,0,0,0,0,1,0,0,0,1,0,0,0,0,0,0
427,Movie_427 (2006),Romance|Adventure,2006,0,1,0,0,0,0,0,0,0,0,0,0,0,1,0,0,0,0
428,Movie_428 (2010),Romance|Horror|Thriller,2010,0,0,0,0,0,0,0,0,0,0,1,0,0,1,0,1,0,0
429,Movie_429 (2008),Action,2008,1,0,0,0,0,0,0,0,0,0,0,0,0,0,0,0,0,0
430,Movie_430 (2002),Action,2002,1,0,0,0,0,0,0,0,0,0,0,0,0,0,0,0,0,0
431,Movie_431 (1998),Animation,1998,0,0,1,0,0,0,0,0,0,0,0,0,0,0,0,0,0,0
432,Movie_432 (2010),Children|Romance,2010,0,0,0,1,0,0,0,0,0,0,0,0,0,1,0,0,0,0
433,Movie_433 (2000),Comedy,2000,0,0,0,0,1,0,0,0,0,0,0,0,0,0,0,0,0,0
434,Movie_434 (1988),Drama|Fantasy,1988,0,0,0,0,0,0,0,1,1,0,0,0,0,0,0,0,0,0
435,Movie_435 (2005),Animation|Sci-Fi,2005,0,0,1,0,0,0,0,0,0,0,0,0,0,0,1,0,0,0
436,Movie_436 (1990),Action,1990,1,0,0,0,0,0,0,0,0,0,0,0,0,0,0,0,0,0
437,Movie_437 (2006),Comedy|War|Thriller,2006,0,0,0,0,1,0,0,0,0,0,0,0,0,0,0,1,1,0
438,Movie_438 (2013),Children,2013,0,0,0,1,0,0,0,0,0,0,0,0,0,0,0,0,0,0
439,Movie_439 (2019),Drama|Action|Crime,2019,1,0,0,0,0,1,0,1,0,0,0,0,0,0,0,0,0,0
440,Movie_440 (1990),Comedy|Adventure,1990,0,1,0,0,1,0,0,0,0,0,0,0,0,0,0,0,0,0
441,Movie_441 (2001),Comedy|Crime|Western,2001,0,0,0,0,1,1,0,0,0,0,0,0,0,0,0,0,0,1
442,Movie_442 (1984),Romance|Horror,1984,0,0,0,0,0,0,0,0,0,0,1,0,0,1,0,0,0,0
443,Movie_443 (2005),Crime,2005,0,0,0,0,0,1,0,0,0,0,0,0,0,0,0,0,0,0
444,Movie_444 (1990),Thriller|Children|Mystery,1990,0,0,0,1,0,0,0,0,0,0,0,0,1,0,0,1,0,0
445,Movie_445 (1996),Crime|Adventure,1996,0,1,0,0,0,1,0,0,0,0,0,0,0,0,0,0,0,0
446,Movie_446 (1995),Film-Noir,1995,0,0,0,0,0,0,0,0,0,1,0,0,0,0,0,0,0,0
447,Movie_447 (1981),Mystery,1981,0,0,0,0,0,0,0,0,0,0,0,0,1,0,0,0,0,0
448,Movie_448 (2005),War|Fantasy|Adventure,2005,0,1,0,0,0,0,0,0,1,0,0,0,0,0,0,0,1,0
449,Movie_449 (2015),Sci-Fi|Crime,2015,0,0,0,0,0,1,0,0,0,0,0,0,0,0,1,0,0,0
450,Movie_450 (1990),Romance|Fantasy|Musical,1990,0,0,0,0,0,0,0,0,1,0,0,1,0,1,0,0,0,0
451,Movie_451 (2001),Adventure|Drama|Children,2001,0,1,0,1,0,0,0,1,0,0,0,0,0,0,0,0,0,0
452,Movie_452 (2016),Action|Film-Noir,2016,1,0,0,0,0,0,0,0,0,1,0,0,0,0,0,0,0,0
453,Movie_453 (2013),Children|Fantasy|Musical,2013,0,0,0,1,0,0,0,0,1,0,0,1,0,0,0,0,0,0
454,Movie_454 (2020),Children|Musical,2020,0,0,0,1,0,0,0,0,0,0,0,1,0,0,0,0,0,0
455,Movie_455 (1994),Fantasy|Drama|Children,1994,0,0,0,1,0,0,0,1,1,0,0,0,0,0,0,0,0,0
456,Movie_456 (1998),Mystery|Action|War,1998,1,0,0,0,0,0,0,0,0,0,0,0,1,0,0,0,1,0
457,Movie_457 (1982),Drama|Action,1982,1,0,0,0,0,0,0,1,0,0,0,0,0,0,0,0,0,0
458,Movie_458 (1994),Crime,1994,0,0,0,0,0,1,0,0,0,0,0,0,0,0,0,0,0,0
459,Movie_459 (2010),Action,2010,1,0,0,0,0,0,0,0,0,0,0,0,0,0,0,0,0,0
460,Movie_460 (1992),Adventure|Action,1992,1,1,0,0,0,0,0,0,0,0,0,0,0,0,0,0,0,0
461,Movie_461 (2008),Thriller|Film-Noir,2008,0,0,0,0,0,0,0,0,0,1,0,0,0,0,0,1,0,0
462,Movie_462 (2005),Comedy,2005,0,0,0,0,1,0,0,0,0,0,0,0,0,0,0,0,0,0
463,Movie_463 (1990),Film-Noir|Sci-Fi,1990,0,0,0,0,0,0,0,0,0,1,0,0,0,0,1,0,0,0
464,Movie_464 (2020),Comedy|Animation,2020,0,0,1,0,1,0,0,0,0,0,0,0,0,0,0,0,0,0
465,Movie_465 (2001),Western|Fantasy|Action,2001,1,0,0,0,0,0,0,0,1,0,0,0,0,0,0,0,0,1
466,Movie_466 (2011),Romance|Mystery|Fantasy,2011,0,0,0,0,0,0,0,0,1,0,0,0,1,1,0,0,0,0
467,Movie_467 (1996),Documentary|Musical,1996,0,0,0,0,0,0,1,0,0,0,0,1,0,0,0,0,0,0
468,Movie_468 (1986),Horror|Mystery|Action,1986,1,0,0,0,0,0,0,0,0,0,1,0,1,0,0,0,0,0
469,Movie_469 (2013),Drama,2013,0,0,0,0,0,0,0,1,0,0,0,0,0,0,0,0,0,0
470,Movie_470 (1980),Documentary|Comedy|Fantasy,1980,0,0,0,0,1,0,1,0,1,0,0,0,0,0,0,0,0,0
471,Movie_471 (1994),Musical|Film-Noir|Thriller,1994,0,0,0,0,0,0,0,0,0,1,0,1,0,0,0,1,0,0
472,Movie_472 (2002),Western|Documentary,2002,0,0,0,0,0,0,1,0,0,0,0,0,0,0,0,0,0,1
473,Movie_473 (2009),Documentary|Western|Drama,2009,0,0,0,0,0,0,1,1,0,0,0,0,0,0,0,0,0,1
474,Movie_474 (1991),Romance|Crime|War,1991,0,0,0,0,0,1,0,0,0,0,0,0,0,1,0,0,1,0
475,Movie_475 (1980),Film-Noir|Musical,1980,0,0,0,0,0,0,0,0,0,1,0,1,0,0,0,0,0,0
476,Movie_476 (1981),Adventure|Musical,1981,0,1,0,0,0,0,0,0,0,0,0,1,0,0,0,0,0,0
477,Movie_477 (1984),Horror,1984,0,0,0,0,0,0,0,0,0,0,1,0,0,0,0,0,0,0
478,Movie_478 (1986),Film-Noir|Action,1986,1,0,0,0,0,0,0,0,0,1,0,0,0,0,0,0,0,0
479,Movie_479 (1992),Mystery|Horror,1992,0,0,0,0,0,0,0,0,0,0,1,0,1,0,0,0,0,0
480,Movie_480 (2011),Romance,2011,0,0,0,0,0,0,0,0,0,0,0,0,0,1,0,0,0,0
481,Movie_481 (1996),Children|Crime|Comedy,1996,0,0,0,1,1,1,0,0,0,0,0,0,0,0,0,0,0,0
482,Movie_482 (2000),Animation|Children,2000,0,0,1,1,0,0,0,0,0,0,0,0,0,0,0,0,0,0
483,Movie_483 (2003),Children|Crime,2003,0,0,0,1,0,1,0,0,0,0,0,0,0,0,0,0,0,0
484,Movie_484 (1991),Western,1991,0,0,0,0,0,0,0,0,0,0,0,0,0,0,0,0,0,1
485,Movie_485 (1990),Fantasy,1990,0,0,0,0,0,0,0,0,1,0,0,0,0,0,0,0,0,0
486,Movie_486 (2016),Thriller|Drama|Western,2016,0,0,0,0,0,0,0,1,0,0,0,0,0,0,0,1,0,1
487,Movie_487 (1982),Mystery|Thriller,1982,0,0,0,0,0,0,0,0,0,0,0,0,1,0,0,1,0,0
488,Movie_488 (2010),Fantasy|Animation,2010,0,0,1,0,0,0,0,0,1,0,0,0,0,0,0,0,0,0
489,Movie_489 (1989),Comedy|Crime|Musical,1989,0,0,0,0,1,1,0,0,0,0,0,1,0,0,0,0,0,0
490,Movie_490 (2019),Romance|Sci-Fi,2019,0,0,0,0,0,0,0,0,0,0,0,0,0,1,1,0,0,0
491,Movie_491 (1981),Crime|Drama|Romance,1981,0,0,0,0,0,1,0,1,0,0,0,0,0,1,0,0,0,0
492,Movie_492 (2016),Western|Thriller|Romance,2016,0,0,0,0,0,0,0,0,0,0,0,0,0,1,0,1,0,1
493,Movie_493 (2007),Drama|Mystery,2007,0,0,0,0,0,0,0,1,0,0,0,0,1,0,0,0,0,0
494,Movie_494 (2004),Drama|Comedy|Adventure,2004,0,1,0,0,1,0,0,1,0,0,0,0,0,0,0,0,0,0
495,Movie_495 (2013),Fantasy|Mystery|Musical,2013,0,0,0,0,0,0,0,0,1,0,0,1,1,0,0,0,0,0
496,Movie_496 (2018),Western,2018,0,0,0,0,0,0,0,0,0,0,0,0,0,0,0,0,0,1
497,Movie_497 (1984),Adventure|Children,1984,0,1,0,1,0,0,0,0,0,0,0,0,0,0,0,0,0,0
498,Movie_498 (1988),Musical,1988,0,0,0,0,0,0,0,0,0,0,0,1,0,0,0,0,0,0
499,Movie_499 (2015),Children,2015,0,0,0,1,0,0,0,0,0,0,0,0,0,0,0,0,0,0
500,Movie_500 (1992),Thriller|Fantasy|Action,1992,1,0,0,0,0,0,0,0,1,0,0,0,0,0,0,1,0,0
501,Movie_501 (1988),War|Romance,1988,0,0,0,0,0,0,0,0,0,0,0,0,0,1,0,0,1,0
502,Movie_502 (1991),Musical|Mystery,1991,0,0,0,0,0,0,0,0,0,0,0,1,1,0,0,0,0,0
503,Movie_503 (1981),Comedy|Mystery|Horror,1981,0,0,0,0,1,0,0,0,0,0,1,0,1,0,0,0,0,0
504,Movie_504 (1983),Mystery,1983,0,0,0,0,0,0,0,0,0,0,0,0,1,0,0,0,0,0
505,Movie_505 (1996),Drama|War,1996,0,0,0,0,0,0,0,1,0,0,0,0,0,0,0,0,1,0
506,Movie_506 (1993),Musical,1993,0,0,0,0,0,0,0,0,0,0,0,1,0,0,0,0,0,0
507,Movie_507 (1998),Western|Documentary,1998,0,0,0,0,0,0,1,0,0,0,0,0,0,0,0,0,0,1
508,Movie_508 (2003),Mystery,2003,0,0,0,0,0,0,0,0,0,0,0,0,1,0,0,0,0,0
509,Movie_509 (1984),Sci-Fi|Comedy|Romance,1984,0,0,0,0,1,0,0,0,0,0,0,0,0,1,1,0,0,0
510,Movie_510 (1993),Sci-Fi|Comedy|Documentary,1993,0,0,0,0,1,0,1,0,0,0,0,0,0,0,1,0,0,0
511,Movie_511 (2002),Western|Crime|Film-Noir,2002,0,0,0,0,0,1,0,0,0,1,0,0,0,0,0,0,0,1
512,Movie_512 (2005),War|Horror|Documentary,2005,0,0,0,0,0,0,1,0,0,0,1,0,0,0,0,0,1,0
513,Movie_513 (1993),Animation|Drama|Fantasy,1993,0,0,1,0,0,0,0,1,1,0,0,0,0,0,0,0,0,0
514,Movie_514 (1986),Thriller,1986,0,0,0,0,0,0,0,0,0,0,0,0,0,0,0,1,0,0
515,Movie_515 (2009),Film-Noir,2009,0,0,0,0,0,0,0,0,0,1,0,0,0,0,0,0,0,0
516,Movie_516 (1987),Documentary|Mystery|Drama,1987,0,0,0,0,0,0,1,1,0,0,0,0,1,0,0,0,0,0
517,Movie_517 (2020),Animation|Musical,2020,0,0,1,0,0,0,0,0,0,0,0,1,0,0,0,0,0,0
518,Movie_518 (2013),Documentary,2013,0,0,0,0,0,0,1,0,0,0,0,0,0,0,0,0,0,0
519,Movie_519 (1989),Action|Children|Film-Noir,1989,1,0,0,1,0,0,0,0,0,1,0,0,0,0,0,0,0,0
520,Movie_520 (1993),Fantasy,1993,0,0,0,0,0,0,0,0,1,0,0,0,0,0,0,0,0,0
521,Movie_521 (1995),Adventure|Horror,1995,0,1,0,0,0,0,0,0,0,0,1,0,0,0,0,0,0,0
522,Movie_522 (1989),Western|Animation|Musical,1989,0,0,1,0,0,0,0,0,0,0,0,1,0,0,0,0,0,1
523,Movie_523 (1984),Children,1984,0,0,0,1,0,0,0,0,0,0,0,0,0,0,0,0,0,0
524,Movie_524 (2007),Horror|Mystery,2007,0,0,0,0,0,0,0,0,0,0,1,0,1,0,0,0,0,0
525,Movie_525 (2013),Romance,2013,0,0,0,0,0,0,0,0,0,0,0,0,0,1,0,0,0,0
526,Movie_526 (1999),Fantasy,1999,0,0,0,0,0,0,0,0,1,0,0,0,0,0,0,0,0,0
527,Movie_527 (1993),Crime|Thriller,1993,0,0,0,0,0,1,0,0,0,0,0,0,0,0,0,1,0,0
528,Movie_528 (2003),Film-Noir|Documentary,2003,0,0,0,0,0,0,1,0,0,1,0,0,0,0,0,0,0,0
529,Movie_529 (1994),War|Western|Sci-Fi,1994,0,0,0,0,0,0,0,0,0,0,0,0,0,0,1,0,1,1
530,Movie_530 (1990),Western,1990,0,0,0,0,0,0,0,0,0,0,0,0,0,0,0,0,0,1
531,Movie_531 (1987),Horror|Film-Noir,1987,0,0,0,0,0,0,0,0,0,1,1,0,0,0,0,0,0,0
532,Movie_532 (2020),Children,2020,0,0,0,1,0,0,0,0,0,0,0,0,0,0,0,0,0,0
533,Movie_533 (2006),War,2006,0,0,0,0,0,0,0,0,0,0,0,0,0,0,0,0,1,0
534,Movie_534 (1985),Horror,1985,0,0,0,0,0,0,0,0,0,0,1,0,0,0,0,0,0,0
535,Movie_535 (1998),Adventure|Fantasy|Thriller,1998,0,1,0,0,0,0,0,0,1,0,0,0,0,0,0,1,0,0
536,Movie_536 (1980),Action|Children|War,1980,1,0,0,1,0,0,0,0,0,0,0,0,0,0,0,0,1,0
537,Movie_537 (1998),Sci-Fi|Western|War,1998,0,0,0,0,0,0,0,0,0,0,0,0,0,0,1,0,1,1
538,Movie_538 (1992),Adventure|Children|Western,1992,0,1,0,1,0,0,0,0,0,0,0,0,0,0,0,0,0,1
539,Movie_539 (1989),Horror,1989,0,0,0,0,0,0,0,0,0,0,1,0,0,0,0,0,0,0
540,Movie_540 (2012),Film-Noir|War,2012,0,0,0,0,0,0,0,0,0,1,0,0,0,0,0,0,1,0
541,Movie_541 (1982),Film-Noir|Children,1982,0,0,0,1,0,0,0,0,0,1,0,0,0,0,0,0,0,0
542,Movie_542 (1997),Romance|War,1997,0,0,0,0,0,0,0,0,0,0,0,0,0,1,0,0,1,0
543,Movie_543 (2016),Drama|War|Animation,2016,0,0,1,0,0,0,0,1,0,0,0,0,0,0,0,0,1,0
544,Movie_544 (2007),Crime,2007,0,0,0,0,0,1,0,0,0,0,0,0,0,0,0,0,0,0
545,Movie_545 (2006),Documentary,2006,0,0,0,0,0,0,1,0,0,0,0,0,0,0,0,0,0,0
546,Movie_546 (2009),Documentary,2009,0,0,0,0,0,0,1,0,0,0,0,0,0,0,0,0,0,0
547,Movie_547 (1989),Action|Musical,1989,1,0,0,0,0,0,0,0,0,0,0,1,0,0,0,0,0,0
548,Movie_548 (2007),Action,2007,1,0,0,0,0,0,0,0,0,0,0,0,0,0,0,0,0,0
549,Movie_549 (2017),Sci-Fi|Thriller|Documentary,2017,0,0,0,0,0,0,1,0,0,0,0,0,0,0,1,1,0,0
550,Movie_550 (1983),Crime,1983,0,0,0,0,0,1,0,0,0,0,0,0,0,0,0,0,0,0
551,Movie_551 (2013),Fantasy|Musical|Thriller,2013,0,0,0,0,0,0,0,0,1,0,0,1,0,0,0,1,0,0
552,Movie_552 (2015),Adventure|Musical|Crime,2015,0,1,0,0,0,1,0,0,0,0,0,1,0,0,0,0,0,0
553,Movie_553 (2010),Drama,2010,0,0,0,0,0,0,0,1,0,0,0,0,0,0,0,0,0,0
554,Movie_554 (2005),War,2005,0,0,0,0,0,0,0,0,0,0,0,0,0,0,0,0,1,0
555,Movie_555 (1980),Western|Crime|Mystery,1980,0,0,0,0,0,1,0,0,0,0,0,0,1,0,0,0,0,1
556,Movie_556 (1981),Animation|Drama,1981,0,0,1,0,0,0,0,1,0,0,0,0,0,0,0,0,0,0
557,Movie_557 (2011),Children,2011,0,0,0,1,0,0,0,0,0,0,0,0,0,0,0,0,0,0
558,Movie_558 (2018),Sci-Fi,2018,0,0,0,0,0,0,0,0,0,0,0,0,0,0,1,0,0,0
559,Movie_559 (1994),Animation,1994,0,0,1,0,0,0,0,0,0,0,0,0,0,0,0,0,0,0
560,Movie_560 (2010),Documentary,2010,0,0,0,0,0,0,1,0,0,0,0,0,0,0,0,0,0,0
561,Movie_561 (1998),Musical,1998,0,0,0,0,0,0,0,0,0,0,0,1,0,0,0,0,0,0
562,Movie_562 (1989),Mystery|Drama|Thriller,1989,0,0,0,0,0,0,0,1,0,0,0,0,1,0,0,1,0,0
563,Movie_563 (2009),Comedy|Musical,2009,0,0,0,0,1,0,0,0,0,0,0,1,0,0,0,0,0,0
564,Movie_564 (1984),Musical|Comedy,1984,0,0,0,0,1,0,0,0,0,0,0,1,0,0,0,0,0,0
565,Movie_565 (1989),Fantasy|Action|Musical,1989,1,0,0,0,0,0,0,0,1,0,0,1,0,0,0,0,0,0
566,Movie_566 (1983),Sci-Fi|Romance,1983,0,0,0,0,0,0,0,0,0,0,0,0,0,1,1,0,0,0
567,Movie_567 (1996),Fantasy,1996,0,0,0,0,0,0,0,0,1,0,0,0,0,0,0,0,0,0
568,Movie_568 (1982),Horror|Romance|Thriller,1982,0,0,0,0,0,0,0,0,0,0,1,0,0,1,0,1,0,0
569,Movie_569 (1990),Romance,1990,0,0,0,0,0,0,0,0,0,0,0,0,0,1,0,0,0,0
570,Movie_570 (1980),Adventure,1980,0,1,0,0,0,0,0,0,0,0,0,0,0,0,0,0,0,0
571,Movie_571 (1996),Drama|Musical|Animation,1996,0,0,1,0,0,0,0,1,0,0,0,1,0,0,0,0,0,0
572,Movie_572 (1995),Sci-Fi,1995,0,0,0,0,0,0,0,0,0,0,0,0,0,0,1,0,0,0
573,Movie_573 (1997),Action|War,1997,1,0,0,0,0,0,0,0,0,0,0,0,0,0,0,0,1,0
574,Movie_574 (1992),Horror|War,1992,0,0,0,0,0,0,0,0,0,0,1,0,0,0,0,0,1,0
575,Movie_575 (1990),Mystery,1990,0,0,0,0,0,0,0,0,0,0,0,0,1,0,0,0,0,0
576,Movie_576 (2006),Children|Sci-Fi|Mystery,2006,0,0,0,1,0,0,0,0,0,0,0,0,1,0,1,0,0,0
577,Movie_577 (1995),Comedy|Mystery|Action,1995,1,0,0,0,1,0,0,0,0,0,0,0,1,0,0,0,0,0
578,Movie_578 (2002),Crime,2002,0,0,0,0,0,1,0,0,0,0,0,0,0,0,0,0,0,0
579,Movie_579 (2020),Documentary|Crime|Sci-Fi,2020,0,0,0,0,0,1,1,0,0,0,0,0,0,0,1,0,0,0
580,Movie_580 (1997),Romance,1997,0,0,0,0,0,0,0,0,0,0,0,0,0,1,0,0,0,0
581,Movie_581 (1999),Thriller,1999,0,0,0,0,0,0,0,0,0,0,0,0,0,0,0,1,0,0
582,Movie_582 (2011),Children|Fantasy,2011,0,0,0,1,0,0,0,0,1,0,0,0,0,0,0,0,0,0
583,Movie_583 (1980),Romance|Drama|Mystery,1980,0,0,0,0,0,0,0,1,0,0,0,0,1,1,0,0,0,0
584,Movie_584 (1987),Musical,1987,0,0,0,0,0,0,0,0,0,0,0,1,0,0,0,0,0,0
585,Movie_585 (2016),Comedy,2016,0,0,0,0,1,0,0,0,0,0,0,0,0,0,0,0,0,0
586,Movie_586 (1986),Sci-Fi|Fantasy,1986,0,0,0,0,0,0,0,0,1,0,0,0,0,0,1,0,0,0
587,Movie_587 (1999),Mystery|Documentary,1999,0,0,0,0,0,0,1,0,0,0,0,0,1,0,0,0,0,0
588,Movie_588 (1988),Musical|Thriller|Action,1988,1,0,0,0,0,0,0,0,0,0,0,1,0,0,0,1,0,0
589,Movie_589 (1989),Musical|Documentary|Film-Noir,1989,0,0,0,0,0,0,1,0,0,1,0,1,0,0,0,0,0,0
590,Movie_590 (2015),Mystery|Sci-Fi|Thriller,2015,0,0,0,0,0,0,0,0,0,0,0,0,1,0,1,1,0,0
591,Movie_591 (1997),Documentary|Children,1997,0,0,0,1,0,0,1,0,0,0,0,0,0,0,0,0,0,0
592,Movie_592 (1981),Film-Noir|Horror|Drama,1981,0,0,0,0,0,0,0,1,0,1,1,0,0,0,0,0,0,0
593,Movie_593 (1998),Documentary,1998,0,0,0,0,0,0,1,0,0,0,0,0,0,0,0,0,0,0
594,Movie_594 (2005),Crime|Romance|Adventure,2005,0,1,0,0,0,1,0,0,0,0,0,0,0,1,0,0,0,0
595,Movie_595 (1999),Crime|Documentary,1999,0,0,0,0,0,1,1,0,0,0,0,0,0,0,0,0,0,0
596,Movie_596 (2013),Horror|Fantasy|Children,2013,0,0,0,1,0,0,0,0,1,0,1,0,0,0,0,0,0,0
597,Movie_597 (1988),War|Sci-Fi|Adventure,1988,0,1,0,0,0,0,0,0,0,0,0,0,0,0,1,0,1,0
598,Movie_598 (1989),Musical|Sci-Fi,1989,0,0,0,0,0,0,0,0,0,0,0,1,0,0,1,0,0,0
599,Movie_599 (2012),Film-Noir|Mystery|Children,2012,0,0,0,1,0,0,0,0,0,1,0,0,1,0,0,0,0,0
600,Movie_600 (2014),Thriller|Mystery,2014,0,0,0,0,0,0,0,0,0,0,0,0,1,0,0,1,0,0
601,Movie_601 (2020),Documentary,2020,0,0,0,0,0,0,1,0,0,0,0,0,0,0,0,0,0,0
602,Movie_602 (1980),Film-Noir|Western|Romance,1980,0,0,0,0,0,0,0,0,0,1,0,0,0,1,0,0,0,1
603,Movie_603 (1983),Drama,1983,0,0,0,0,0,0,0,1,0,0,0,0,0,0,0,0,0,0
604,Movie_604 (2018),Children|Adventure|Comedy,2018,0,1,0,1,1,0,0,0,0,0,0,0,0,0,0,0,0,0
605,Movie_605 (2002),Thriller|War|Fantasy,2002,0,0,0,0,0,0,0,0,1,0,0,0,0,0,0,1,1,0
606,Movie_606 (2017),Musical|War|Fantasy,2017,0,0,0,0,0,0,0,0,1,0,0,1,0,0,0,0,1,0
607,Movie_607 (1991),War,1991,0,0,0,0,0,0,0,0,0,0,0,0,0,0,0,0,1,0
608,Movie_608 (1991),Drama|Animation,1991,0,0,1,0,0,0,0,1,0,0,0,0,0,0,0,0,0,0
609,Movie_609 (2003),Romance|Sci-Fi|Mystery,2003,0,0,0,0,0,0,0,0,0,0,0,0,1,1,1,0,0,0
610,Movie_610 (2000),Horror|Film-Noir|Sci-Fi,2000,0,0,0,0,0,0,0,0,0,1,1,0,0,0,1,0,0,0
611,Movie_611 (1997),War|Animation|Documentary,1997,0,0,1,0,0,0,1,0,0,0,0,0,0,0,0,0,1,0
612,Movie_612 (2005),Romance|Horror,2005,0,0,0,0,0,0,0,0,0,0,1,0,0,1,0,0,0,0
613,Movie_613 (2017),Documentary|Musical,2017,0,0,0,0,0,0,1,0,0,0,0,1,0,0,0,0,0,0
614,Movie_614 (2004),Thriller|Documentary|Drama,2004,0,0,0,0,0,0,1,1,0,0,0,0,0,0,0,1,0,0
615,Movie_615 (1995),Horror|Western,1995,0,0,0,0,0,0,0,0,0,0,1,0,0,0,0,0,0,1
616,Movie_616 (1981),Crime,1981,0,0,0,0,0,1,0,0,0,0,0,0,0,0,0,0,0,0
617,Movie_617 (1985),Western|Documentary,1985,0,0,0,0,0,0,1,0,0,0,0,0,0,0,0,0,0,1
618,Movie_618 (2018),Adventure|Documentary|Action,2018,1,1,0,0,0,0,1,0,0,0,0,0,0,0,0,0,0,0
619,Movie_619 (2017),Romance|Crime|Adventure,2017,0,1,0,0,0,1,0,0,0,0,0,0,0,1,0,0,0,0
620,Movie_620 (1994),Documentary|Thriller,1994,0,0,0,0,0,0,1,0,0,0,0,0,0,0,0,1,0,0
621,Movie_621 (2011),Crime,2011,0,0,0,0,0,1,0,0,0,0,0,0,0,0,0,0,0,0
622,Movie_622 (1993),Romance,1993,0,0,0,0,0,0,0,0,0,0,0,0,0,1,0,0,0,0
623,Movie_623 (1989),Animation,1989,0,0,1,0,0,0,0,0,0,0,0,0,0,0,0,0,0,0
624,Movie_624 (1984),Thriller|Mystery|Fantasy,1984,0,0,0,0,0,0,0,0,1,0,0,0,1,0,0,1,0,0
625,Movie_625 (2011),Mystery,2011,0,0,0,0,0,0,0,0,0,0,0,0,1,0,0,0,0,0
626,Movie_626 (1990),Western|Sci-Fi|Horror,1990,0,0,0,0,0,0,0,0,0,0,1,0,0,0,1,0,0,1
627,Movie_627 (1982),Film-Noir,1982,0,0,0,0,0,0,0,0,0,1,0,0,0,0,0,0,0,0
628,Movie_628 (2003),Crime|Sci-Fi|Comedy,2003,0,0,0,0,1,1,0,0,0,0,0,0,0,0,1,0,0,0
629,Movie_629 (2002),Drama,2002,0,0,0,0,0,0,0,1,0,0,0,0,0,0,0,0,0,0
630,Movie_630 (2001),Fantasy|Animation|Adventure,2001,0,1,1,0,0,0,0,0,1,0,0,0,0,0,0,0,0,0
631,Movie_631 (2019),Musical|Fantasy,2019,0,0,0,0,0,0,0,0,1,0,0,1,0,0,0,0,0,0
632,Movie_632 (2013),Western|Film-Noir,2013,0,0,0,0,0,0,0,0,0,1,0,0,0,0,0,0,0,1
633,Movie_633 (2003),Sci-Fi,2003,0,0,0,0,0,0,0,0,0,0,0,0,0,0,1,0,0,0
634,Movie_634 (1987),Adventure|Mystery,1987,0,1,0,0,0,0,0,0,0,0,0,0,1,0,0,0,0,0
635,Movie_635 (2020),Fantasy|Thriller,2020,0,0,0,0,0,0,0,0,1,0,0,0,0,0,0,1,0,0
636,Movie_636 (2007),Crime|Western,2007,0,0,0,0,0,1,0,0,0,0,0,0,0,0,0,0,0,1
637,Movie_637 (1997),Comedy,1997,0,0,0,0,1,0,0,0,0,0,0,0,0,0,0,0,0,0
638,Movie_638 (1982),Horror|Thriller|Drama,1982,0,0,0,0,0,0,0,1,0,0,1,0,0,0,0,1,0,0
639,Movie_639 (2004),Animation|Thriller|Documentary,2004,0,0,1,0,0,0,1,0,0,0,0,0,0,0,0,1,0,0
640,Movie_640 (1988),War,1988,0,0,0,0,0,0,0,0,0,0,0,0,0,0,0,0,1,0
641,Movie_641 (1990),Sci-Fi|Comedy,1990,0,0,0,0,1,0,0,0,0,0,0,0,0,0,1,0,0,0
642,Movie_642 (2011),Fantasy,2011,0,0,0,0,0,0,0,0,1,0,0,0,0,0,0,0,0,0
643,Movie_643 (1990),Musical|Sci-Fi|Action,1990,1,0,0,0,0,0,0,0,0,0,0,1,0,0,1,0,0,0
644,Movie_644 (1991),Romance|Adventure|Film-Noir,1991,0,1,0,0,0,0,0,0,0,1,0,0,0,1,0,0,0,0
645,Movie_645 (2015),Adventure|Animation|Musical,2015,0,1,1,0,0,0,0,0,0,0,0,1,0,0,0,0,0,0
646,Movie_646 (2016),Fantasy|Adventure,2016,0,1,0,0,0,0,0,0,1,0,0,0,0,0,0,0,0,0
647,Movie_647 (1982),Film-Noir,1982,0,0,0,0,0,0,0,0,0,1,0,0,0,0,0,0,0,0
648,Movie_648 (1984),Musical,1984,0,0,0,0,0,0,0,0,0,0,0,1,0,0,0,0,0,0
649,Movie_649 (1980),Film-Noir|Musical,1980,0,0,0,0,0,0,0,0,0,1,0,1,0,0,0,0,0,0
650,Movie_650 (2001),Adventure|Horror|Western,2001,0,1,0,0,0,0,0,0,0,0,1,0,0,0,0,0,0,1
651,Movie_651 (2020),Western|Action|Documentary,2020,1,0,0,0,0,0,1,0,0,0,0,0,0,0,0,0,0,1
652,Movie_652 (1994),Adventure|Animation,1994,0,1,1,0,0,0,0,0,0,0,0,0,0,0,0,0,0,0
653,Movie_653 (2008),Western|Horror,2008,0,0,0,0,0,0,0,0,0,0,1,0,0,0,0,0,0,1
654,Movie_654 (2001),Sci-Fi|Film-Noir|Crime,2001,0,0,0,0,0,1,0,0,0,1,0,0,0,0,1,0,0,0
655,Movie_655 (1983),Western,1983,0,0,0,0,0,0,0,0,0,0,0,0,0,0,0,0,0,1
656,Movie_656 (1998),Film-Noir|Horror,1998,0,0,0,0,0,0,0,0,0,1,1,0,0,0,0,0,0,0
657,Movie_657 (1983),Adventure|Children,1983,0,1,0,1,0,0,0,0,0,0,0,0,0,0,0,0,0,0
658,Movie_658 (1988),Comedy|Mystery,1988,0,0,0,0,1,0,0,0,0,0,0,0,1,0,0,0,0,0
659,Movie_659 (2018),Drama|Horror,2018,0,0,0,0,0,0,0,1,0,0,1,0,0,0,0,0,0,0
660,Movie_660 (1996),Drama|Film-Noir|Crime,1996,0,0,0,0,0,1,0,1,0,1,0,0,0,0,0,0,0,0
661,Movie_661 (2016),Mystery|Film-Noir,2016,0,0,0,0,0,0,0,0,0,1,0,0,1,0,0,0,0,0
662,Movie_662 (2001),Western|Documentary,2001,0,0,0,0,0,0,1,0,0,0,0,0,0,0,0,0,0,1
663,Movie_663 (2011),Sci-Fi|Animation,2011,0,0,1,0,0,0,0,0,0,0,0,0,0,0,1,0,0,0
664,Movie_664 (2008),Comedy|Adventure|Film-Noir,2008,0,1,0,0,1,0,0,0,0,1,0,0,0,0,0,0,0,0
665,Movie_665 (1987),Musical|Adventure|Animation,1987,0,1,1,0,0,0,0,0,0,0,0,1,0,0,0,0,0,0
666,Movie_666 (2012),Adventure|Comedy,2012,0,1,0,0,1,0,0,0,0,0,0,0,0,0,0,0,0,0
667,Movie_667 (2008),Adventure|Animation,2008,0,1,1,0,0,0,0,0,0,0,0,0,0,0,0,0,0,0
668,Movie_668 (2005),Drama|Film-Noir|Sci-Fi,2005,0,0,0,0,0,0,0,1,0,1,0,0,0,0,1,0,0,0
669,Movie_669 (1992),Mystery,1992,0,0,0,0,0,0,0,0,0,0,0,0,1,0,0,0,0,0
670,Movie_670 (1992),Mystery,1992,0,0,0,0,0,0,0,0,0,0,0,0,1,0,0,0,0,0
671,Movie_671 (1990),Romance|Drama,1990,0,0,0,0,0,0,0,1,0,0,0,0,0,1,0,0,0,0
672,Movie_672 (2000),Mystery|Musical,2000,0,0,0,0,0,0,0,0,0,0,0,1,1,0,0,0,0,0
673,Movie_673 (1998),Romance|Action,1998,1,0,0,0,0,0,0,0,0,0,0,0,0,1,0,0,0,0
674,Movie_674 (1998),Film-Noir|Sci-Fi|Drama,1998,0,0,0,0,0,0,0,1,0,1,0,0,0,0,1,0,0,0
675,Movie_675 (2002),Mystery,2002,0,0,0,0,0,0,0,0,0,0,0,0,1,0,0,0,0,0
676,Movie_676 (2004),Film-Noir|Sci-Fi|Musical,2004,0,0,0,0,0,0,0,0,0,1,0,1,0,0,1,0,0,0
677,Movie_677 (2004),Musical|Drama,2004,0,0,0,0,0,0,0,1,0,0,0,1,0,0,0,0,0,0
678,Movie_678 (1985),Comedy|Children,1985,0,0,0,1,1,0,0,0,0,0,0,0,0,0,0,0,0,0
679,Movie_679 (1990),Horror,1990,0,0,0,0,0,0,0,0,0,0,1,0,0,0,0,0,0,0
680,Movie_680 (1986),Film-Noir|Musical,1986,0,0,0,0,0,0,0,0,0,1,0,1,0,0,0,0,0,0
681,Movie_681 (2003),Romance|Crime,2003,0,0,0,0,0,1,0,0,0,0,0,0,0,1,0,0,0,0
682,Movie_682 (2007),Western,2007,0,0,0,0,0,0,0,0,0,0,0,0,0,0,0,0,0,1
683,Movie_683 (1981),Action|Comedy,1981,1,0,0,0,1,0,0,0,0,0,0,0,0,0,0,0,0,0
684,Movie_684 (2015),Film-Noir|Horror|Animation,2015,0,0,1,0,0,0,0,0,0,1,1,0,0,0,0,0,0,0
685,Movie_685 (2014),Fantasy|Romance,2014,0,0,0,0,0,0,0,0,1,0,0,0,0,1,0,0,0,0
686,Movie_686 (1983),Musical|Horror|Comedy,1983,0,0,0,0,1,0,0,0,0,0,1,1,0,0,0,0,0,0
687,Movie_687 (2016),Action|Film-Noir|War,2016,1,0,0,0,0,0,0,0,0,1,0,0,0,0,0,0,1,0
688,Movie_688 (1986),Action,1986,1,0,0,0,0,0,0,0,0,0,0,0,0,0,0,0,0,0
689,Movie_689 (2001),Romance|Documentary,2001,0,0,0,0,0,0,1,0,0,0,0,0,0,1,0,0,0,0
690,Movie_690 (2009),Adventure,2009,0,1,0,0,0,0,0,0,0,0,0,0,0,0,0,0,0,0
691,Movie_691 (2006),Documentary|Sci-Fi|Western,2006,0,0,0,0,0,0,1,0,0,0,0,0,0,0,1,0,0,1
692,Movie_692 (2007),Animation,2007,0,0,1,0,0,0,0,0,0,0,0,0,0,0,0,0,0,0
693,Movie_693 (2020),Romance,2020,0,0,0,0,0,0,0,0,0,0,0,0,0,1,0,0,0,0
694,Movie_694 (1980),Crime|Children|Drama,1980,0,0,0,1,0,1,0,1,0,0,0,0,0,0,0,0,0,0
695,Movie_695 (1993),Adventure|Thriller|Comedy,1993,0,1,0,0,1,0,0,0,0,0,0,0,0,0,0,1,0,0
696,Movie_696 (2020),Thriller,2020,0,0,0,0,0,0,0,0,0,0,0,0,0,0,0,1,0,0
697,Movie_697 (1982),Action,1982,1,0,0,0,0,0,0,0,0,0,0,0,0,0,0,0,0,0
698,Movie_698 (1988),Documentary|Thriller|Drama,1988,0,0,0,0,0,0,1,1,0,0,0,0,0,0,0,1,0,0
699,Movie_699 (1987),Romance,1987,0,0,0,0,0,0,0,0,0,0,0,0,0,1,0,0,0,0
700,Movie_700 (1986),Fantasy|Film-Noir,1986,0,0,0,0,0,0,0,0,1,1,0,0,0,0,0,0,0,0
701,Movie_701 (2017),Mystery|Crime,2017,0,0,0,0,0,1,0,0,0,0,0,0,1,0,0,0,0,0
702,Movie_702 (1988),Drama|Romance|Children,1988,0,0,0,1,0,0,0,1,0,0,0,0,0,1,0,0,0,0
703,Movie_703 (1980),Film-Noir|Adventure|Children,1980,0,1,0,1,0,0,0,0,0,1,0,0,0,0,0,0,0,0
704,Movie_704 (2002),Romance,2002,0,0,0,0,0,0,0,0,0,0,0,0,0,1,0,0,0,0
705,Movie_705 (1989),Children,1989,0,0,0,1,0,0,0,0,0,0,0,0,0,0,0,0,0,0
706,Movie_706 (1987),Children|Animation|Drama,1987,0,0,1,1,0,0,0,1,0,0,0,0,0,0,0,0,0,0
707,Movie_707 (1985),Western|Musical,1985,0,0,0,0,0,0,0,0,0,0,0,1,0,0,0,0,0,1
708,Movie_708 (1994),Film-Noir|Action,1994,1,0,0,0,0,0,0,0,0,1,0,0,0,0,0,0,0,0
709,Movie_709 (2018),Film-Noir|Western|Animation,2018,0,0,1,0,0,0,0,0,0,1,0,0,0,0,0,0,0,1
710,Movie_710 (2010),Action,2010,1,0,0,0,0,0,0,0,0,0,0,0,0,0,0,0,0,0
711,Movie_711 (2015),Documentary,2015,0,0,0,0,0,0,1,0,0,0,0,0,0,0,0,0,0,0
712,Movie_712 (1997),Action,1997,1,0,0,0,0,0,0,0,0,0,0,0,0,0,0,0,0,0
713,Movie_713 (2017),Animation|Crime|Action,2017,1,0,1,0,0,1,0,0,0,0,0,0,0,0,0,0,0,0
714,Movie_714 (1983),Children,1983,0,0,0,1,0,0,0,0,0,0,0,0,0,0,0,0,0,0
715,Movie_715 (1995),Western|Thriller|Horror,1995,0,0,0,0,0,0,0,0,0,0,1,0,0,0,0,1,0,1
716,Movie_716 (1984),Comedy,1984,0,0,0,0,1,0,0,0,0,0,0,0,0,0,0,0,0,0
717,Movie_717 (1984),Film-Noir|Horror,1984,0,0,0,0,0,0,0,0,0,1,1,0,0,0,0,0,0,0
718,Movie_718 (2011),Adventure|Western|Crime,2011,0,1,0,0,0,1,0,0,0,0,0,0,0,0,0,0,0,1
719,Movie_719 (2011),Romance,2011,0,0,0,0,0,0,0,0,0,0,0,0,0,1,0,0,0,0
720,Movie_720 (1989),Adventure|Western,1989,0,1,0,0,0,0,0,0,0,0,0,0,0,0,0,0,0,1
721,Movie_721 (2002),Mystery,2002,0,0,0,0,0,0,0,0,0,0,0,0,1,0,0,0,0,0
722,Movie_722 (1999),Crime|Mystery,1999,0,0,0,0,0,1,0,0,0,0,0,0,1,0,0,0,0,0
723,Movie_723 (1996),Thriller|Mystery,1996,0,0,0,0,0,0,0,0,0,0,0,0,1,0,0,1,0,0
724,Movie_724 (2004),Crime,2004,0,0,0,0,0,1,0,0,0,0,0,0,0,0,0,0,0,0
725,Movie_725 (1985),Western|War|Mystery,1985,0,0,0,0,0,0,0,0,0,0,0,0,1,0,0,0,1,1
726,Movie_726 (2007),Action|Film-Noir|Animation,2007,1,0,1,0,0,0,0,0,0,1,0,0,0,0,0,0,0,0
727,Movie_727 (1999),Drama,1999,0,0,0,0,0,0,0,1,0,0,0,0,0,0,0,0,0,0
728,Movie_728 (1991),Fantasy|Drama,1991,0,0,0,0,0,0,0,1,1,0,0,0,0,0,0,0,0,0
729,Movie_729 (2020),Adventure|Western|Sci-Fi,2020,0,1,0,0,0,0,0,0,0,0,0,0,0,0,1,0,0,1
730,Movie_730 (1994),Western|Horror,1994,0,0,0,0,0,0,0,0,0,0,1,0,0,0,0,0,0,1
731,Movie_731 (2000),Comedy|Drama|Documentary,2000,0,0,0,0,1,0,1,1,0,0,0,0,0,0,0,0,0,0
732,Movie_732 (1995),Thriller,1995,0,0,0,0,0,0,0,0,0,0,0,0,0,0,0,1,0,0
733,Movie_733 (2015),Documentary|Children,2015,0,0,0,1,0,0,1,0,0,0,0,0,0,0,0,0,0,0
734,Movie_734 (1993),Adventure|Children|Horror,1993,0,1,0,1,0,0,0,0,0,0,1,0,0,0,0,0,0,0
735,Movie_735 (1992),Film-Noir,1992,0,0,0,0,0,0,0,0,0,1,0,0,0,0,0,0,0,0
736,Movie_736 (1994),Documentary|Film-Noir|Crime,1994,0,0,0,0,0,1,1,0,0,1,0,0,0,0,0,0,0,0
737,Movie_737 (2010),Fantasy|Horror|Comedy,2010,0,0,0,0,1,0,0,0,1,0,1,0,0,0,0,0,0,0
738,Movie_738 (1980),Adventure|Comedy,1980,0,1,0,0,1,0,0,0,0,0,0,0,0,0,0,0,0,0
739,Movie_739 (2006),Crime,2006,0,0,0,0,0,1,0,0,0,0,0,0,0,0,0,0,0,0
740,Movie_740 (2002),Thriller|Musical,2002,0,0,0,0,0,0,0,0,0,0,0,1,0,0,0,1,0,0
741,Movie_741 (1980),Crime|Adventure|Action,1980,1,1,0,0,0,1,0,0,0,0,0,0,0,0,0,0,0,0
742,Movie_742 (2003),Adventure,2003,0,1,0,0,0,0,0,0,0,0,0,0,0,0,0,0,0,0
743,Movie_743 (1992),Romance|Drama,1992,0,0,0,0,0,0,0,1,0,0,0,0,0,1,0,0,0,0
744,Movie_744 (2011),Documentary|Mystery|War,2011,0,0,0,0,0,0,1,0,0,0,0,0,1,0,0,0,1,0
745,Movie_745 (2014),War|Children|Fantasy,2014,0,0,0,1,0,0,0,0,1,0,0,0,0,0,0,0,1,0
746,Movie_746 (1990),Animation|Thriller,1990,0,0,1,0,0,0,0,0,0,0,0,0,0,0,0,1,0,0
747,Movie_747 (1998),Musical,1998,0,0,0,0,0,0,0,0,0,0,0,1,0,0,0,0,0,0
748,Movie_748 (1999),Musical|Crime|Western,1999,0,0,0,0,0,1,0,0,0,0,0,1,0,0,0,0,0,1
749,Movie_749 (2000),Adventure,2000,0,1,0,0,0,0,0,0,0,0,0,0,0,0,0,0,0,0
750,Movie_750 (2012),Mystery|Sci-Fi|Drama,2012,0,0,0,0,0,0,0,1,0,0,0,0,1,0,1,0,0,0
751,Movie_751 (1999),Fantasy|Animation,1999,0,0,1,0,0,0,0,0,1,0,0,0,0,0,0,0,0,0
752,Movie_752 (1981),Sci-Fi,1981,0,0,0,0,0,0,0,0,0,0,0,0,0,0,1,0,0,0
753,Movie_753 (1984),Crime,1984,0,0,0,0,0,1,0,0,0,0,0,0,0,0,0,0,0,0
754,Movie_754 (2019),Drama|Animation|Adventure,2019,0,1,1,0,0,0,0,1,0,0,0,0,0,0,0,0,0,0
755,Movie_755 (2003),Documentary|Fantasy|Action,2003,1,0,0,0,0,0,1,0,1,0,0,0,0,0,0,0,0,0
756,Movie_756 (2016),Horror,2016,0,0,0,0,0,0,0,0,0,0,1,0,0,0,0,0,0,0
757,Movie_757 (2005),Comedy|Action|War,2005,1,0,0,0,1,0,0,0,0,0,0,0,0,0,0,0,1,0
758,Movie_758 (1999),Crime|Documentary|Animation,1999,0,0,1,0,0,1,1,0,0,0,0,0,0,0,0,0,0,0
759,Movie_759 (2001),Musical,2001,0,0,0,0,0,0,0,0,0,0,0,1,0,0,0,0,0,0
760,Movie_760 (1992),War|Thriller|Crime,1992,0,0,0,0,0,1,0,0,0,0,0,0,0,0,0,1,1,0
761,Movie_761 (1998),Adventure|Musical|Comedy,1998,0,1,0,0,1,0,0,0,0,0,0,1,0,0,0,0,0,0
762,Movie_762 (2005),Action|Western|Horror,2005,1,0,0,0,0,0,0,0,0,0,1,0,0,0,0,0,0,1
763,Movie_763 (1995),War,1995,0,0,0,0,0,0,0,0,0,0,0,0,0,0,0,0,1,0
764,Movie_764 (2016),Drama|Western|Children,2016,0,0,0,1,0,0,0,1,0,0,0,0,0,0,0,0,0,1
765,Movie_765 (1984),Action|Thriller,1984,1,0,0,0,0,0,0,0,0,0,0,0,0,0,0,1,0,0
766,Movie_766 (2000),Thriller,2000,0,0,0,0,0,0,0,0,0,0,0,0,0,0,0,1,0,0
767,Movie_767 (2019),Western|Adventure,2019,0,1,0,0,0,0,0,0,0,0,0,0,0,0,0,0,0,1
768,Movie_768 (1982),Musical,1982,0,0,0,0,0,0,0,0,0,0,0,1,0,0,0,0,0,0
769,Movie_769 (2005),Crime|Documentary|Animation,2005,0,0,1,0,0,1,1,0,0,0,0,0,0,0,0,0,0,0
770,Movie_770 (2020),Thriller|Animation|Drama,2020,0,0,1,0,0,0,0,1,0,0,0,0,0,0,0,1,0,0
771,Movie_771 (1993),Comedy|Thriller|Action,1993,1,0,0,0,1,0,0,0,0,0,0,0,0,0,0,1,0,0
772,Movie_772 (2018),Action,2018,1,0,0,0,0,0,0,0,0,0,0,0,0,0,0,0,0,0
773,Movie_773 (1988),Horror|Comedy,1988,0,0,0,0,1,0,0,0,0,0,1,0,0,0,0,0,0,0
774,Movie_774 (1998),Musical|Mystery,1998,0,0,0,0,0,0,0,0,0,0,0,1,1,0,0,0,0,0
775,Movie_775 (1980),Comedy|Documentary,1980,0,0,0,0,1,0,1,0,0,0,0,0,0,0,0,0,0,0
776,Movie_776 (2013),Action|Documentary,2013,1,0,0,0,0,0,1,0,0,0,0,0,0,0,0,0,0,0
777,Movie_777 (1985),Western|Children,1985,0,0,0,1,0,0,0,0,0,0,0,0,0,0,0,0,0,1
778,Movie_778 (2015),Horror|Crime,2015,0,0,0,0,0,1,0,0,0,0,1,0,0,0,0,0,0,0
779,Movie_779 (2001),Thriller|Fantasy|Musical,2001,0,0,0,0,0,0,0,0,1,0,0,1,0,0,0,1,0,0
780,Movie_780 (2000),Musical|Mystery|Drama,2000,0,0,0,0,0,0,0,1,0,0,0,1,1,0,0,0,0,0
781,Movie_781 (2013),Musical|Comedy,2013,0,0,0,0,1,0,0,0,0,0,0,1,0,0,0,0,0,0
782,Movie_782 (1986),Film-Noir|Documentary,1986,0,0,0,0,0,0,1,0,0,1,0,0,0,0,0,0,0,0
783,Movie_783 (2000),Adventure,2000,0,1,0,0,0,0,0,0,0,0,0,0,0,0,0,0,0,0
784,Movie_784 (1987),Crime,1987,0,0,0,0,0,1,0,0,0,0,0,0,0,0,0,0,0,0
785,Movie_785 (1990),Documentary|Film-Noir,1990,0,0,0,0,0,0,1,0,0,1,0,0,0,0,0,0,0,0
786,Movie_786 (2009),Comedy,2009,0,0,0,0,1,0,0,0,0,0,0,0,0,0,0,0,0,0
787,Movie_787 (2020),Adventure,2020,0,1,0,0,0,0,0,0,0,0,0,0,0,0,0,0,0,0
788,Movie_788 (2013),War,2013,0,0,0,0,0,0,0,0,0,0,0,0,0,0,0,0,1,0
789,Movie_789 (1998),Crime,1998,0,0,0,0,0,1,0,0,0,0,0,0,0,0,0,0,0,0
790,Movie_790 (2009),Animation,2009,0,0,1,0,0,0,0,0,0,0,0,0,0,0,0,0,0,0
791,Movie_791 (2018),Comedy,2018,0,0,0,0,1,0,0,0,0,0,0,0,0,0,0,0,0,0
792,Movie_792 (1987),Drama|Mystery|War,1987,0,0,0,0,0,0,0,1,0,0,0,0,1,0,0,0,1,0
793,Movie_793 (2013),Film-Noir|Western|Fantasy,2013,0,0,0,0,0,0,0,0,1,1,0,0,0,0,0,0,0,1
794,Movie_794 (2015),Documentary,2015,0,0,0,0,0,0,1,0,0,0,0,0,0,0,0,0,0,0
795,Movie_795 (2001),Children,2001,0,0,0,1,0,0,0,0,0,0,0,0,0,0,0,0,0,0
796,Movie_796 (1988),Animation,1988,0,0,1,0,0,0,0,0,0,0,0,0,0,0,0,0,0,0
797,Movie_797 (1987),War|Thriller|Crime,1987,0,0,0,0,0,1,0,0,0,0,0,0,0,0,0,1,1,0
798,Movie_798 (1997),Sci-Fi,1997,0,0,0,0,0,0,0,0,0,0,0,0,0,0,1,0,0,0
799,Movie_799 (1982),War|Sci-Fi|Drama,1982,0,0,0,0,0,0,0,1,0,0,0,0,0,0,1,0,1,0
800,Movie_800 (1991),Adventure|Western,1991,0,1,0,0,0,0,0,0,0,0,0,0,0,0,0,0,0,1
801,Movie_801 (2011),Children|War,2011,0,0,0,1,0,0,0,0,0,0,0,0,0,0,0,0,1,0
802,Movie_802 (2008),Western,2008,0,0,0,0,0,0,0,0,0,0,0,0,0,0,0,0,0,1
803,Movie_803 (1982),Mystery|Animation|Crime,1982,0,0,1,0,0,1,0,0,0,0,0,0,1,0,0,0,0,0
804,Movie_804 (1984),Mystery,1984,0,0,0,0,0,0,0,0,0,0,0,0,1,0,0,0,0,0
805,Movie_805 (1998),Sci-Fi|Crime,1998,0,0,0,0,0,1,0,0,0,0,0,0,0,0,1,0,0,0
806,Movie_806 (2013),War,2013,0,0,0,0,0,0,0,0,0,0,0,0,0,0,0,0,1,0
807,Movie_807 (1996),Fantasy|Comedy|Thriller,1996,0,0,0,0,1,0,0,0,1,0,0,0,0,0,0,1,0,0
808,Movie_808 (2016),Comedy,2016,0,0,0,0,1,0,0,0,0,0,0,0,0,0,0,0,0,0
809,Movie_809 (2020),Western,2020,0,0,0,0,0,0,0,0,0,0,0,0,0,0,0,0,0,1
810,Movie_810 (2012),Action|Thriller,2012,1,0,0,0,0,0,0,0,0,0,0,0,0,0,0,1,0,0
811,Movie_811 (2007),Musical|War,2007,0,0,0,0,0,0,0,0,0,0,0,1,0,0,0,0,1,0
812,Movie_812 (1996),Animation,1996,0,0,1,0,0,0,0,0,0,0,0,0,0,0,0,0,0,0
813,Movie_813 (1987),Drama,1987,0,0,0,0,0,0,0,1,0,0,0,0,0,0,0,0,0,0
814,Movie_814 (1989),Children|Animation,1989,0,0,1,1,0,0,0,0,0,0,0,0,0,0,0,0,0,0
815,Movie_815 (2014),Action|Film-Noir|Comedy,2014,1,0,0,0,1,0,0,0,0,1,0,0,0,0,0,0,0,0
816,Movie_816 (1986),Sci-Fi,1986,0,0,0,0,0,0,0,0,0,0,0,0,0,0,1,0,0,0
817,Movie_817 (1989),Comedy|Action,1989,1,0,0,0,1,0,0,0,0,0,0,0,0,0,0,0,0,0
818,Movie_818 (1987),Horror,1987,0,0,0,0,0,0,0,0,0,0,1,0,0,0,0,0,0,0
819,Movie_819 (2001),Fantasy,2001,0,0,0,0,0,0,0,0,1,0,0,0,0,0,0,0,0,0
820,Movie_820 (2016),Mystery,2016,0,0,0,0,0,0,0,0,0,0,0,0,1,0,0,0,0,0
821,Movie_821 (1989),Animation|Sci-Fi,1989,0,0,1,0,0,0,0,0,0,0,0,0,0,0,1,0,0,0
822,Movie_822 (1994),Film-Noir|Action|Animation,1994,1,0,1,0,0,0,0,0,0,1,0,0,0,0,0,0,0,0
823,Movie_823 (1989),Adventure,1989,0,1,0,0,0,0,0,0,0,0,0,0,0,0,0,0,0,0
824,Movie_824 (2011),Western,2011,0,0,0,0,0,0,0,0,0,0,0,0,0,0,0,0,0,1
825,Movie_825 (1984),Crime|Documentary|Animation,1984,0,0,1,0,0,1,1,0,0,0,0,0,0,0,0,0,0,0
826,Movie_826 (2001),Documentary,2001,0,0,0,0,0,0,1,0,0,0,0,0,0,0,0,0,0,0
827,Movie_827 (2019),Thriller|Horror|Action,2019,1,0,0,0,0,0,0,0,0,0,1,0,0,0,0,1,0,0
828,Movie_828 (1989),Sci-Fi,1989,0,0,0,0,0,0,0,0,0,0,0,0,0,0,1,0,0,0
829,Movie_829 (1986),Musical|Drama|Fantasy,1986,0,0,0,0,0,0,0,1,1,0,0,1,0,0,0,0,0,0
830,Movie_830 (1994),Western|Romance,1994,0,0,0,0,0,0,0,0,0,0,0,0,0,1,0,0,0,1
831,Movie_831 (2011),Animation|Crime|War,2011,0,0,1,0,0,1,0,0,0,0,0,0,0,0,0,0,1,0
832,Movie_832 (2011),Romance|Action,2011,1,0,0,0,0,0,0,0,0,0,0,0,0,1,0,0,0,0
833,Movie_833 (2003),Mystery,2003,0,0,0,0,0,0,0,0,0,0,0,0,1,0,0,0,0,0
834,Movie_834 (1981),Horror|Action,1981,1,0,0,0,0,0,0,0,0,0,1,0,0,0,0,0,0,0
835,Movie_835 (1995),Action|Film-Noir,1995,1,0,0,0,0,0,0,0,0,1,0,0,0,0,0,0,0,0
836,Movie_836 (2015),War|Action|Musical,2015,1,0,0,0,0,0,0,0,0,0,0,1,0,0,0,0,1,0
837,Movie_837 (1999),Western|Thriller,1999,0,0,0,0,0,0,0,0,0,0,0,0,0,0,0,1,0,1
838,Movie_838 (1995),Adventure|Musical,1995,0,1,0,0,0,0,0,0,0,0,0,1,0,0,0,0,0,0
839,Movie_839 (2007),Animation,2007,0,0,1,0,0,0,0,0,0,0,0,0,0,0,0,0,0,0
840,Movie_840 (2010),Drama|Musical|Animation,2010,0,0,1,0,0,0,0,1,0,0,0,1,0,0,0,0,0,0
841,Movie_841 (1983),Horror|Western|War,1983,0,0,0,0,0,0,0,0,0,0,1,0,0,0,0,0,1,1
842,Movie_842 (1989),Fantasy|Drama,1989,0,0,0,0,0,0,0,1,1,0,0,0,0,0,0,0,0,0
843,Movie_843 (2003),Western|Horror|Thriller,2003,0,0,0,0,0,0,0,0,0,0,1,0,0,0,0,1,0,1
844,Movie_844 (1986),Documentary|Comedy,1986,0,0,0,0,1,0,1,0,0,0,0,0,0,0,0,0,0,0
845,Movie_845 (2000),Film-Noir|Adventure|Documentary,2000,0,1,0,0,0,0,1,0,0,1,0,0,0,0,0,0,0,0
846,Movie_846 (1989),Thriller|War|Children,1989,0,0,0,1,0,0,0,0,0,0,0,0,0,0,0,1,1,0
847,Movie_847 (2008),Crime,2008,0,0,0,0,0,1,0,0,0,0,0,0,0,0,0,0,0,0
848,Movie_848 (2014),Drama|Sci-Fi|Adventure,2014,0,1,0,0,0,0,0,1,0,0,0,0,0,0,1,0,0,0
849,Movie_849 (2019),Action|Thriller,2019,1,0,0,0,0,0,0,0,0,0,0,0,0,0,0,1,0,0
850,Movie_850 (2014),Western|Drama|Mystery,2014,0,0,0,0,0,0,0,1,0,0,0,0,1,0,0,0,0,1
851,Movie_851 (1996),Children|Drama|Film-Noir,1996,0,0,0,1,0,0,0,1,0,1,0,0,0,0,0,0,0,0
852,Movie_852 (2015),Action,2015,1,0,0,0,0,0,0,0,0,0,0,0,0,0,0,0,0,0
853,Movie_853 (2007),Drama,2007,0,0,0,0,0,0,0,1,0,0,0,0,0,0,0,0,0,0
854,Movie_854 (2018),Crime|Documentary,2018,0,0,0,0,0,1,1,0,0,0,0,0,0,0,0,0,0,0
855,Movie_855 (1994),Animation|Children|Drama,1994,0,0,1,1,0,0,0,1,0,0,0,0,0,0,0,0,0,0
856,Movie_856 (2000),Romance|War,2000,0,0,0,0,0,0,0,0,0,0,0,0,0,1,0,0,1,0
857,Movie_857 (1992),Romance|Drama,1992,0,0,0,0,0,0,0,1,0,0,0,0,0,1,0,0,0,0
858,Movie_858 (2017),Documentary|Horror,2017,0,0,0,0,0,0,1,0,0,0,1,0,0,0,0,0,0,0
859,Movie_859 (2009),Sci-Fi|Comedy,2009,0,0,0,0,1,0,0,0,0,0,0,0,0,0,1,0,0,0
860,Movie_860 (1990),Mystery,1990,0,0,0,0,0,0,0,0,0,0,0,0,1,0,0,0,0,0
861,Movie_861 (1992),Comedy,1992,0,0,0,0,1,0,0,0,0,0,0,0,0,0,0,0,0,0
862,Movie_862 (1980),Thriller,1980,0,0,0,0,0,0,0,0,0,0,0,0,0,0,0,1,0,0
863,Movie_863 (1994),Romance|War,1994,0,0,0,0,0,0,0,0,0,0,0,0,0,1,0,0,1,0
864,Movie_864 (2010),Documentary|Animation|Musical,2010,0,0,1,0,0,0,1,0,0,0,0,1,0,0,0,0,0,0
865,Movie_865 (2012),Mystery,2012,0,0,0,0,0,0,0,0,0,0,0,0,1,0,0,0,0,0
866,Movie_866 (2000),Adventure|Horror,2000,0,1,0,0,0,0,0,0,0,0,1,0,0,0,0,0,0,0
867,Movie_867 (2020),Romance,2020,0,0,0,0,0,0,0,0,0,0,0,0,0,1,0,0,0,0
868,Movie_868 (2000),Children,2000,0,0,0,1,0,0,0,0,0,0,0,0,0,0,0,0,0,0
869,Movie_869 (1994),Romance|Film-Noir,1994,0,0,0,0,0,0,0,0,0,1,0,0,0,1,0,0,0,0
870,Movie_870 (1994),Romance|Mystery,1994,0,0,0,0,0,0,0,0,0,0,0,0,1,1,0,0,0,0
871,Movie_871 (1983),Horror|Thriller,1983,0,0,0,0,0,0,0,0,0,0,1,0,0,0,0,1,0,0
872,Movie_872 (1981),Action,1981,1,0,0,0,0,0,0,0,0,0,0,0,0,0,0,0,0,0
873,Movie_873 (1985),War,1985,0,0,0,0,0,0,0,0,0,0,0,0,0,0,0,0,1,0
874,Movie_874 (2018),Thriller|Film-Noir,2018,0,0,0,0,0,0,0,0,0,1,0,0,0,0,0,1,0,0
875,Movie_875 (1997),Documentary,1997,0,0,0,0,0,0,1,0,0,0,0,0,0,0,0,0,0,0
876,Movie_876 (1994),Sci-Fi,1994,0,0,0,0,0,0,0,0,0,0,0,0,0,0,1,0,0,0
877,Movie_877 (2014),Mystery,2014,0,0,0,0,0,0,0,0,0,0,0,0,1,0,0,0,0,0
878,Movie_878 (2005),Fantasy|Drama|Thriller,2005,0,0,0,0,0,0,0,1,1,0,0,0,0,0,0,1,0,0
879,Movie_879 (1996),Film-Noir|Fantasy|Mystery,1996,0,0,0,0,0,0,0,0,1,1,0,0,1,0,0,0,0,0
880,Movie_880 (2009),Film-Noir,2009,0,0,0,0,0,0,0,0,0,1,0,0,0,0,0,0,0,0
881,Movie_881 (1992),Documentary|Film-Noir,1992,0,0,0,0,0,0,1,0,0,1,0,0,0,0,0,0,0,0
882,Movie_882 (2005),Film-Noir|Sci-Fi|Thriller,2005,0,0,0,0,0,0,0,0,0,1,0,0,0,0,1,1,0,0
883,Movie_883 (1992),Sci-Fi|Musical,1992,0,0,0,0,0,0,0,0,0,0,0,1,0,0,1,0,0,0
884,Movie_884 (2002),Documentary,2002,0,0,0,0,0,0,1,0,0,0,0,0,0,0,0,0,0,0
885,Movie_885 (1988),War|Comedy|Musical,1988,0,0,0,0,1,0,0,0,0,0,0,1,0,0,0,0,1,0
886,Movie_886 (1993),Western|Drama|Thriller,1993,0,0,0,0,0,0,0,1,0,0,0,0,0,0,0,1,0,1
887,Movie_887 (2007),Adventure|Sci-Fi|Comedy,2007,0,1,0,0,1,0,0,0,0,0,0,0,0,0,1,0,0,0
888,Movie_888 (1998),Documentary,1998,0,0,0,0,0,0,1,0,0,0,0,0,0,0,0,0,0,0
889,Movie_889 (2013),Musical|Romance,2013,0,0,0,0,0,0,0,0,0,0,0,1,0,1,0,0,0,0
890,Movie_890 (1997),Comedy,1997,0,0,0,0,1,0,0,0,0,0,0,0,0,0,0,0,0,0
891,Movie_891 (2000),Children|Comedy,2000,0,0,0,1,1,0,0,0,0,0,0,0,0,0,0,0,0,0
892,Movie_892 (2000),Horror,2000,0,0,0,0,0,0,0,0,0,0,1,0,0,0,0,0,0,0
893,Movie_893 (1998),Thriller|Children|Adventure,1998,0,1,0,1,0,0,0,0,0,0,0,0,0,0,0,1,0,0
894,Movie_894 (2017),Crime|Action|Documentary,2017,1,0,0,0,0,1,1,0,0,0,0,0,0,0,0,0,0,0
895,Movie_895 (1988),Film-Noir|Animation,1988,0,0,1,0,0,0,0,0,0,1,0,0,0,0,0,0,0,0
896,Movie_896 (1995),War|Crime,1995,0,0,0,0,0,1,0,0,0,0,0,0,0,0,0,0,1,0
897,Movie_897 (1989),Western|Crime,1989,0,0,0,0,0,1,0,0,0,0,0,0,0,0,0,0,0,1
898,Movie_898 (2005),Drama|Children,2005,0,0,0,1,0,0,0,1,0,0,0,0,0,0,0,0,0,0
899,Movie_899 (1997),Western|Crime|Sci-Fi,1997,0,0,0,0,0,1,0,0,0,0,0,0,0,0,1,0,0,1
900,Movie_900 (1980),Fantasy|Crime|Adventure,1980,0,1,0,0,0,1,0,0,1,0,0,0,0,0,0,0,0,0
901,Movie_901 (1998),Crime|Horror,1998,0,0,0,0,0,1,0,0,0,0,1,0,0,0,0,0,0,0
902,Movie_902 (1991),Film-Noir|Romance|Crime,1991,0,0,0,0,0,1,0,0,0,1,0,0,0,1,0,0,0,0
903,Movie_903 (1994),Mystery|Thriller,1994,0,0,0,0,0,0,0,0,0,0,0,0,1,0,0,1,0,0
904,Movie_904 (2012),Mystery|Documentary|Children,2012,0,0,0,1,0,0,1,0,0,0,0,0,1,0,0,0,0,0
905,Movie_905 (2011),Mystery,2011,0,0,0,0,0,0,0,0,0,0,0,0,1,0,0,0,0,0
906,Movie_906 (2020),Animation,2020,0,0,1,0,0,0,0,0,0,0,0,0,0,0,0,0,0,0
907,Movie_907 (1987),Animation|Western,1987,0,0,1,0,0,0,0,0,0,0,0,0,0,0,0,0,0,1
908,Movie_908 (1989),Fantasy|Western,1989,0,0,0,0,0,0,0,0,1,0,0,0,0,0,0,0,0,1
909,Movie_909 (1987),Thriller|Musical,1987,0,0,0,0,0,0,0,0,0,0,0,1,0,0,0,1,0,0
910,Movie_910 (2014),Crime,2014,0,0,0,0,0,1,0,0,0,0,0,0,0,0,0,0,0,0
911,Movie_911 (1987),Comedy|Documentary|Western,1987,0,0,0,0,1,0,1,0,0,0,0,0,0,0,0,0,0,1
912,Movie_912 (1982),Documentary,1982,0,0,0,0,0,0,1,0,0,0,0,0,0,0,0,0,0,0
913,Movie_913 (2016),Western|Children|Mystery,2016,0,0,0,1,0,0,0,0,0,0,0,0,1,0,0,0,0,1
914,Movie_914 (1984),Documentary,1984,0,0,0,0,0,0,1,0,0,0,0,0,0,0,0,0,0,0
915,Movie_915 (2010),Fantasy|Western,2010,0,0,0,0,0,0,0,0,1,0,0,0,0,0,0,0,0,1
916,Movie_916 (2010),Musical,2010,0,0,0,0,0,0,0,0,0,0,0,1,0,0,0,0,0,0
917,Movie_917 (2009),Adventure,2009,0,1,0,0,0,0,0,0,0,0,0,0,0,0,0,0,0,0
918,Movie_918 (1997),Fantasy|Western,1997,0,0,0,0,0,0,0,0,1,0,0,0,0,0,0,0,0,1
919,Movie_919 (1983),Children,1983,0,0,0,1,0,0,0,0,0,0,0,0,0,0,0,0,0,0
920,Movie_920 (2013),Sci-Fi,2013,0,0,0,0,0,0,0,0,0,0,0,0,0,0,1,0,0,0
921,Movie_921 (1999),Fantasy|Musical|Film-Noir,1999,0,0,0,0,0,0,0,0,1,1,0,1,0,0,0,0,0,0
922,Movie_922 (2006),Drama,2006,0,0,0,0,0,0,0,1,0,0,0,0,0,0,0,0,0,0
923,Movie_923 (2000),Adventure|Comedy,2000,0,1,0,0,1,0,0,0,0,0,0,0,0,0,0,0,0,0
924,Movie_924 (1990),War|Documentary,1990,0,0,0,0,0,0,1,0,0,0,0,0,0,0,0,0,1,0
925,Movie_925 (2017),Film-Noir|Horror|Fantasy,2017,0,0,0,0,0,0,0,0,1,1,1,0,0,0,0,0,0,0
926,Movie_926 (2004),Romance|Western,2004,0,0,0,0,0,0,0,0,0,0,0,0,0,1,0,0,0,1
927,Movie_927 (2008),Horror|Animation,2008,0,0,1,0,0,0,0,0,0,0,1,0,0,0,0,0,0,0
928,Movie_928 (1994),Sci-Fi|Children,1994,0,0,0,1,0,0,0,0,0,0,0,0,0,0,1,0,0,0
929,Movie_929 (2002),Documentary|Thriller,2002,0,0,0,0,0,0,1,0,0,0,0,0,0,0,0,1,0,0
930,Movie_930 (1990),Animation|Mystery,1990,0,0,1,0,0,0,0,0,0,0,0,0,1,0,0,0,0,0
931,Movie_931 (1988),Sci-Fi,1988,0,0,0,0,0,0,0,0,0,0,0,0,0,0,1,0,0,0
932,Movie_932 (1988),Musical,1988,0,0,0,0,0,0,0,0,0,0,0,1,0,0,0,0,0,0
933,Movie_933 (2019),Children,2019,0,0,0,1,0,0,0,0,0,0,0,0,0,0,0,0,0,0
934,Movie_934 (2004),Sci-Fi|Horror|Children,2004,0,0,0,1,0,0,0,0,0,0,1,0,0,0,1,0,0,0
935,Movie_935 (1985),Comedy,1985,0,0,0,0,1,0,0,0,0,0,0,0,0,0,0,0,0,0
936,Movie_936 (2007),Thriller,2007,0,0,0,0,0,0,0,0,0,0,0,0,0,0,0,1,0,0
937,Movie_937 (2010),Horror,2010,0,0,0,0,0,0,0,0,0,0,1,0,0,0,0,0,0,0
938,Movie_938 (1988),Fantasy,1988,0,0,0,0,0,0,0,0,1,0,0,0,0,0,0,0,0,0
939,Movie_939 (1982),Crime|Thriller|Western,1982,0,0,0,0,0,1,0,0,0,0,0,0,0,0,0,1,0,1
940,Movie_940 (2018),Western|Musical|Adventure,2018,0,1,0,0,0,0,0,0,0,0,0,1,0,0,0,0,0,1
941,Movie_941 (2020),Thriller|War|Animation,2020,0,0,1,0,0,0,0,0,0,0,0,0,0,0,0,1,1,0
942,Movie_942 (2015),Children|Comedy,2015,0,0,0,1,1,0,0,0,0,0,0,0,0,0,0,0,0,0
943,Movie_943 (2001),Comedy,2001,0,0,0,0,1,0,0,0,0,0,0,0,0,0,0,0,0,0
944,Movie_944 (2003),Comedy|War,2003,0,0,0,0,1,0,0,0,0,0,0,0,0,0,0,0,1,0
945,Movie_945 (2002),Children,2002,0,0,0,1,0,0,0,0,0,0,0,0,0,0,0,0,0,0
946,Movie_946 (1996),Crime|Comedy|Fantasy,1996,0,0,0,0,1,1,0,0,1,0,0,0,0,0,0,0,0,0
947,Movie_947 (1992),Romance,1992,0,0,0,0,0,0,0,0,0,0,0,0,0,1,0,0,0,0
948,Movie_948 (2017),Romance,2017,0,0,0,0,0,0,0,0,0,0,0,0,0,1,0,0,0,0
949,Movie_949 (1981),Western|Adventure,1981,0,1,0,0,0,0,0,0,0,0,0,0,0,0,0,0,0,1
950,Movie_950 (1999),Western|Drama,1999,0,0,0,0,0,0,0,1,0,0,0,0,0,0,0,0,0,1
951,Movie_951 (1992),Mystery|Animation,1992,0,0,1,0,0,0,0,0,0,0,0,0,1,0,0,0,0,0
952,Movie_952 (2017),Documentary|Animation,2017,0,0,1,0,0,0,1,0,0,0,0,0,0,0,0,0,0,0
953,Movie_953 (1991),Crime|Fantasy|Children,1991,0,0,0,1,0,1,0,0,1,0,0,0,0,0,0,0,0,0
954,Movie_954 (1987),Mystery,1987,0,0,0,0,0,0,0,0,0,0,0,0,1,0,0,0,0,0
955,Movie_955 (1988),Western,1988,0,0,0,0,0,0,0,0,0,0,0,0,0,0,0,0,0,1
956,Movie_956 (2011),War|Documentary|Animation,2011,0,0,1,0,0,0,1,0,0,0,0,0,0,0,0,0,1,0
957,Movie_957 (1986),War|Film-Noir,1986,0,0,0,0,0,0,0,0,0,1,0,0,0,0,0,0,1,0
958,Movie_958 (2016),Thriller,2016,0,0,0,0,0,0,0,0,0,0,0,0,0,0,0,1,0,0
959,Movie_959 (1982),Action|Children,1982,1,0,0,1,0,0,0,0,0,0,0,0,0,0,0,0,0,0
960,Movie_960 (2008),Sci-Fi|Fantasy,2008,0,0,0,0,0,0,0,0,1,0,0,0,0,0,1,0,0,0
961,Movie_961 (2011),Musical|Western,2011,0,0,0,0,0,0,0,0,0,0,0,1,0,0,0,0,0,1
962,Movie_962 (2012),Drama|Action,2012,1,0,0,0,0,0,0,1,0,0,0,0,0,0,0,0,0,0
963,Movie_963 (1993),Drama,1993,0,0,0,0,0,0,0,1,0,0,0,0,0,0,0,0,0,0
964,Movie_964 (2012),Adventure|Mystery|Crime,2012,0,1,0,0,0,1,0,0,0,0,0,0,1,0,0,0,0,0
965,Movie_965 (1984),Film-Noir|Comedy|Thriller,1984,0,0,0,0,1,0,0,0,0,1,0,0,0,0,0,1,0,0
966,Movie_966 (1997),Crime|Romance|Musical,1997,0,0,0,0,0,1,0,0,0,0,0,1,0,1,0,0,0,0
967,Movie_967 (1983),Sci-Fi|Musical|Western,1983,0,0,0,0,0,0,0,0,0,0,0,1,0,0,1,0,0,1
968,Movie_968 (1999),Crime|Fantasy|Mystery,1999,0,0,0,0,0,1,0,0,1,0,0,0,1,0,0,0,0,0
969,Movie_969 (2007),Action|Drama,2007,1,0,0,0,0,0,0,1,0,0,0,0,0,0,0,0,0,0
970,Movie_970 (1999),Musical,1999,0,0,0,0,0,0,0,0,0,0,0,1,0,0,0,0,0,0
971,Movie_971 (2003),Documentary,2003,0,0,0,0,0,0,1,0,0,0,0,0,0,0,0,0,0,0
972,Movie_972 (1996),Thriller|Documentary,1996,0,0,0,0,0,0,1,0,0,0,0,0,0,0,0,1,0,0
973,Movie_973 (1986),Thriller|Action,1986,1,0,0,0,0,0,0,0,0,0,0,0,0,0,0,1,0,0
974,Movie_974 (1994),Fantasy|Film-Noir|War,1994,0,0,0,0,0,0,0,0,1,1,0,0,0,0,0,0,1,0
975,Movie_975 (1995),Sci-Fi|Film-Noir,1995,0,0,0,0,0,0,0,0,0,1,0,0,0,0,1,0,0,0
976,Movie_976 (1984),Action|Animation|Musical,1984,1,0,1,0,0,0,0,0,0,0,0,1,0,0,0,0,0,0
977,Movie_977 (2000),Documentary|Western|Crime,2000,0,0,0,0,0,1,1,0,0,0,0,0,0,0,0,0,0,1
978,Movie_978 (1991),Mystery|Horror|Documentary,1991,0,0,0,0,0,0,1,0,0,0,1,0,1,0,0,0,0,0
979,Movie_979 (2006),Crime,2006,0,0,0,0,0,1,0,0,0,0,0,0,0,0,0,0,0,0
980,Movie_980 (2001),Horror|Action,2001,1,0,0,0,0,0,0,0,0,0,1,0,0,0,0,0,0,0
981,Movie_981 (1989),Drama,1989,0,0,0,0,0,0,0,1,0,0,0,0,0,0,0,0,0,0
982,Movie_982 (2012),War,2012,0,0,0,0,0,0,0,0,0,0,0,0,0,0,0,0,1,0
983,Movie_983 (1990),Action|Sci-Fi|Film-Noir,1990,1,0,0,0,0,0,0,0,0,1,0,0,0,0,1,0,0,0
984,Movie_984 (2007),Crime|Fantasy|Action,2007,1,0,0,0,0,1,0,0,1,0,0,0,0,0,0,0,0,0
985,Movie_985 (1988),Fantasy,1988,0,0,0,0,0,0,0,0,1,0,0,0,0,0,0,0,0,0
986,Movie_986 (2018),Film-Noir,2018,0,0,0,0,0,0,0,0,0,1,0,0,0,0,0,0,0,0
987,Movie_987 (2003),Sci-Fi|Documentary|Mystery,2003,0,0,0,0,0,0,1,0,0,0,0,0,1,0,1,0,0,0
988,Movie_988 (1985),Comedy|Fantasy|Horror,1985,0,0,0,0,1,0,0,0,1,0,1,0,0,0,0,0,0,0
989,Movie_989 (2005),War|Adventure,2005,0,1,0,0,0,0,0,0,0,0,0,0,0,0,0,0,1,0
990,Movie_990 (1980),Thriller,1980,0,0,0,0,0,0,0,0,0,0,0,0,0,0,0,1,0,0
991,Movie_991 (2001),Drama|Documentary|Musical,2001,0,0,0,0,0,0,1,1,0,0,0,1,0,0,0,0,0,0
992,Movie_992 (1983),Adventure|Romance,1983,0,1,0,0,0,0,0,0,0,0,0,0,0,1,0,0,0,0
993,Movie_993 (1989),Comedy,1989,0,0,0,0,1,0,0,0,0,0,0,0,0,0,0,0,0,0
994,Movie_994 (2014),Action|Film-Noir|Fantasy,2014,1,0,0,0,0,0,0,0,1,1,0,0,0,0,0,0,0,0
995,Movie_995 (1985),Western|Children|Mystery,1985,0,0,0,1,0,0,0,0,0,0,0,0,1,0,0,0,0,1
996,Movie_996 (1981),Sci-Fi,1981,0,0,0,0,0,0,0,0,0,0,0,0,0,0,1,0,0,0
997,Movie_997 (1995),Action|Crime,1995,1,0,0,0,0,1,0,0,0,0,0,0,0,0,0,0,0,0
998,Movie_998 (2009),Thriller,2009,0,0,0,0,0,0,0,0,0,0,0,0,0,0,0,1,0,0
999,Movie_999 (2018),Thriller|War,2018,0,0,0,0,0,0,0,0,0,0,0,0,0,0,0,1,1,0
1000,Movie_1000 (2012),Thriller,2012,0,0,0,0,0,0,0,0,0,0,0,0,0,0,0,1,0,0
